term,example
aching,I'm aching to tell this good news to my family.
aching,I'm aching to go to Australia.
aching,I was aching to tell her the secret.
aching,She was aching from head to foot.
acorn,Great oaks from little acorns grow.
acorn,Even a blind squirrel finds an acorn sometimes.
acorn,A hungry pig dreams of acorns.
acorn,From a small acorn grows a tall oak tree.
acute,This city will suffer from an acute water shortage unless it rains soon.
acute,A dog has an acute sense of smell.
acute,An acute lack of funds is holding up the plan.
acute,The housing shortage is very acute.
all in all,"All in all, this was a nice party."
all in all,"But all in all, things have gone well."
all in all,"There are some misprints, but all in all, it's a good book."
all in all,"All in all, the novel was a success."
allegedly,A commercial airplane allegedly violated military airspace.
allegedly,Most airplane accidents allegedly occur at landing or takeoff stages.
allegedly,She allegedly killed him in self-defense.
allegedly,The injaculation method allegedly enables men to have multiple orgasms.
alley,Watch your step in dark alleys.
alley,The northernmost part of the city is a maze of alleys.
alley,"Thankfully, there was an Armani store just outside the alley where Dima had slept."
alley,The only window in our hotel room opens onto a smelly alley.
alumni,"The cruise for M.I.T. alumni was called ""A Ship of Tools."""
alumni,The event was open to students and alumni.
alumni,We're both alumni of this university.
alumni,Alumni are listed by their department of study.
ambush,"He lay prostrate, ready to ambush the invaders."
ambush,He met with a tragic death in an ambush.
ambush,The squadron encountered an ambush and scrambled for coverage.
ambush,Tom explained how the ambush would work.
appealing,Nothing is so appealing as the innocent face of a sleeping baby.
appealing,They are appealing for money to help refugees.
appealing,She gave me an appealing look.
appealing,My mother says she doesn't find rock appealing.
appointment,I canceled my appointment because of urgent business.
appointment,"I am very sorry, but I must cancel our appointment for February 27."
appointment,A sudden illness forced her to cancel her appointment.
appointment,I regret to inform you that I will be unable to keep our appointment for February 27.
armpit,Nobody wants to write sentences about armpits.
armpit,"In the summer I sweat a lot, and my armpits get smelly."
armpit,Many women in the world shave their armpits.
armpit,Sami completely cut Layla's arms at the armpits.
as much as,Laugh as much as you like; I'll stick to my plan to the bitter end.
as much as,"If I want to master a foreign language, I must study as much as possible."
as much as,Our rent is four times as much as it was ten years ago.
as much as,Nobody contributed to the understanding of dreams as much as Freud.
astounding,The diversity of flowers in this area is astounding.
astounding,Beijing is changing with astounding speed.
astounding,Cats are astounding predators.
astounding,Ziri's cat has astounding hunting techniques.
at last!,"Our dream has come true, at last!"
at last!,At last! Adobe dumps this shitty Flash for mobiles.
at last!,I've just signed the divorce papers; I'm free at last!
at last!,"""Tom asked me to marry him."" ""At last!"""
backfired,It backfired on me despite my good intentions.
backfired,He meddled where he wasn't wanted and it backfired on him.
backfired,Jackie's efforts to help homeless people backfired on her.
backfired,The joint-venture in Cambodia backfired.
ban,The local school board would go to any length to ban that book.
ban,The band played marvellously under the baton of a new conductor.
ban,The band played several marches.
ban,The band played for the visiting monarch.
banter,Lucy was bantered by her grandparents.
banter,The conversation started with friendly banter but ended in bruises.
banter,Tom sat at the bar and exchanged some friendly banter with the locals.
banter,They engaged in friendly banter.
barefoot,Shoemakers' children go barefoot.
barefoot,He was so startled that he ran outside barefoot.
barefoot,I once saw a man walk barefoot over hot coals.
barefoot,"Look, the boys are walking barefoot in the water."
bargain,We bargained that we should go on a five-day week.
bargain,The media sells a trace of hatred at bargain prices.
bargain,I didn't bargain for Mary's coming so soon.
bargain,Let's take advantage of the bargain sale and save money.
Be a nuisance,The telephone can be a nuisance.
Be a nuisance,I don't want to be a nuisance.
Bear with me.,"I'm a bit serious today, but please bear with me."
because of,We can't sleep because of the noise.
because of,The airport was closed because of the fog.
because of,"Because of the problem of air pollution, the bicycle may some day replace the automobile."
because of,Bank lending is rising because of lower interest rates.
begging,"Just like I thought, the contractor came back today, begging for more time."
begging,The man went begging from door to door.
begging,The child is always begging for something.
begging,"If those biscuits are going begging, I'll have them."
beneath,The money was hidden beneath the floorboards.
beneath,The ice will crack beneath our weight.
beneath,It is beneath my dignity to ask a favor.
beneath,It is beneath him to say such a thing.
berate,Dan berated Matt for involving Linda in the robbery.
berate,The teacher lost his job because he cruelly berated students who made mistakes.
berate,"If you berate me like that again, I will quit."
berate,Ziri ran out of the restaurant and started berating Rima in the middle of the street.
berk,I want to apologise for calling you a berk in front of your girlfriend.
bitterness,"She said good-bye with a smile, but there was a good deal of bitterness in her heart."
bitterness,There was a savour of bitterness in his voice.
bitterness,There was a savour of bitterness in her voice.
bitterness,Don't call sweet that which gives rise to bitterness.
blackmail,She is being blackmailed by him.
blackmail,Tom is being blackmailed by Mary.
blackmail,Tom was being blackmailed by Mary.
blackmail,"Does that sound like blackmail to you, Tom?"
blacktop,The blacktop road glistened in the heat of the afternoon sun.
blatantly,Esperanto is blatantly Eurocentric.
blatantly,Don't expect me to be truthful when you keep lying to me so blatantly.
blatantly,Sami was blatantly indifferent.
blatantly,"It was parked crooked, but not blatantly so."
bleachers,"Eventually, bleachers will be added."
bleachers,Let's ditch them and hide under the bleachers.
bleachers,Sami and Layla sat on the bleachers.
bleachers,Sami was sitting on the bleachers.
bliss,The bliss was often interrupted by anxiety.
bliss,"Where ignorance is bliss, 'tis folly to be wise."
bliss,Their married life was full bliss.
bliss,Her unhappiness turned to bliss when she heard his voice.
blob,"Wait a minute. Did you call me ""blob""?"
blob,The first pancake is always a blob.
blob,What the fuck is fatphobia? What are you saying to me? I'm not afraid of blobs like you.
blob,Evolve or become a blob of cancer.
blubbering,Stop blubbering! It's not that bad.
blush,"What with joy and shame, she blushed to the ears."
blush,Bob is very timid and blushes when chatting with girls.
blush,Helen blushed at their praise.
blush,I blush to think of such conduct.
bold,May I make so bold as to request your assistance?
bold,The bold man glanced at the gangster with hatred and contempt.
bold,"When the time is ripe, be bold and go for it! I'll stand by you."
bold,It is bold of you to say such a thing.
bombshell,The mayor dropped a bombshell at the news conference.
bombshell,She dropped a bombshell on him.
bombshell,She dropped a bombshell upon him.
bombshell,"Someone said, ""I met two lipstick bombshells whispering. I did not catch anything."""
bonfire,We stayed around the bonfire telling jokes and horror stories.
bonfire,Tom and Mary made a bonfire on the beach.
bonfire,Tom started a bonfire on the beach.
bonfire,"In this game, bonfires serve as checkpoints."
booger,You've got a booger on your hair.
booger,Tom is picking boogers out of his nose.
booger,"He put a booger in his mouth, yuck!"
booger,"""What's that?"" ""It's a booger."""
brag,His work shows nothing to brag about.
brag,"Every time he meets me, he brags about his car."
brag,The urge to brag on his recent successes was irresistible.
brag,She brags about how well she can cook.
braid,She sat on the bed as her mother braided her hair.
braid,The girl's father put her hair in a braid.
braid,"Mom, I want you to braid my hair."
braid,Tom braided Mary's hair for her.
bribe,The old man bribed a young girl with money and jewelry.
bribe,The official was suspected of accepting bribes from the construction companies.
bribe,The politician was not ashamed of having taken bribes.
bribe,Mr Koop would be the last person to take a bribe.
bruise,My whole body was one big bruise after the rugby game.
bruise,The skin of peaches bruises easily.
bruise,My harsh words bruised her feeling.
bruise,I fell down really hard and got a black bruise on my knee.
buddy,They're buddies from my technical school.
buddy,You mean you're short on fuck-buddies?
buddy,"Oh, buddy, what I need is a strong stimulus, in the most hedonistic meaning of the word."
buddy,Tom and I are fishing buddies.
bugger,The new labourer was buggered by smoko.
bugger,"Bugger, the lining in my coat is fraying."
burst,By September the burst in spending seemed to be tapering off.
burst,"As soon as he entered the classroom, our teacher burst into angry speech."
burst,The burglar burst into his house.
burst,Don't burst out laughing like that. It's creepy.
bustling,The street was bustling with shoppers.
bustling,She is bustling about in the kitchen.
bustling,The sleepy town has been transformed into a bustling city.
bustling,"Subdued girls are generally the prettiest I reckon. The loud, bustling ones are awful."
butler,The butler announced Mr. and Mrs. Smith.
butler,I wish I had a butler like Tom.
butler,Tom asked the butler for butter.
butler,I would never have thought that the murderer was the butler.
by all means,You should by all means read the book.
by all means,We must prevail against our rivals by all means.
by all means,I must save the drowning child by all means.
by all means,We have to avoid the nuclear war by all means.
by chance,By chance we saw him as he came out of the shop.
by chance,"By chance, I met her in the street."
by chance,By chance I met my ex-girlfriend in Portugal.
by chance,I met her by chance on the train the day before yesterday.
by the way,It's hard to tell Englishmen from Americans just by the way they look.
by the way,"By the way, are you free this afternoon?"
by the way,"By the way, where does he live?"
by the way,"By the way, did you hear that Mary quit her job?"
can't stand,"I don't mind the cold, but I can't stand the heat."
can't stand,I can't stand that nasty attitude of his any longer.
can't stand,I can't stand that noise any longer.
can't stand,I can't stand to take another university entrance exam!
car wreck,Driving on a slippery road can lead to a car wreck.
car wreck,The bookkeeper lost his spleen in a horrible car wreck.
casket,The priest made the sign of the cross as the casket was lowered into the ground.
casket,A pallbearer carries the casket of the deceased at their funeral.
casket,Tom walked over to the casket and looked in.
casket,"When they opened the casket, there was no one there."
catcall,Mary was catcalled on her way to work.
catcall,She was catcalled while walking down the street.
catch on,"Being a foreigner, I couldn't catch on to the joke."
catch on,I couldn't catch on to the joke he told us.
catch on,He does not seem to be able to catch on to what she is saying.
catch on,She doesn't seem to be able to catch on to what he is saying.
catch up,You have to study hard to catch up with your class.
catch up,"However fast you may walk, you can't catch up with him."
catch up,"If you hurry, you'll catch up with him."
catch up,"Hurry up, or you won't catch up with him."
cave,"""What's going on in the cave? I'm curious."" ""I have no idea."""
cave,The cave was so dark that they had to feel their way.
cave,Was the cave found by the boys?
cave,A monster was believed to live in the cave.
chainsaw,"A handyman who possesses a chainsaw is not a handyman, but a terrorist."
chainsaw,"Martin, this shit just got real. Fetch the chainsaw."
chainsaw,Dan seriously injured a co-worker with his chainsaw.
chainsaw,The chainsaw you bought doesn't work.
chastise,He chastised them for being noisy.
chastise,Genius chastised grows in authority.
chastise,You chastise people for working hard.
chastise,"Thus pitilessly am I chastised, a sight of evil fame for Zeus."
chew,Food must be chewed well to be digested properly.
chew,Mabel loves to chew the fat while playing bridge.
chew,A rat chewed a hole in the wall.
chew,I didn't do well on the test so my parents chewed me out.
chewy,I like my cookies chewy rather than crunchy.
chewy,This chicken is too chewy to have been cooked correctly.
chewy,I am eating a chewy local delicacy.
chewy,These cookies are soft and chewy.
choke,I nearly choked on a fishbone.
choke,Carol couldn't choke back her tears.
choke,The baby almost choked on a piece of candy.
choke,I choked! I should have come up with a proper plan first.
chuckle,Bruce chuckled to himself as he read the letter.
chuckle,"""Hee hee,"" his mother chuckled, shaking her head."
chuckle,Tom chuckled when he heard Mary's joke.
chuckle,Tom chuckled quietly to himself.
chuckled,Bruce chuckled to himself as he read the letter.
chuckled,"""Hee hee,"" his mother chuckled, shaking her head."
chuckled,Tom chuckled when he heard Mary's joke.
chuckled,Tom chuckled quietly to himself.
claw,"Its sharp claws began to open and close, open and close."
claw,The cat dug its claws into my hand.
claw,A cat was sharpening its claws against a post.
claw,"""This is the first time I've ever clawed my owner"", said the cat."
cling,"Stop clinging to your glory days, or you'll be left behind."
cling,The boy is clinging to his mother.
cling,That child was clinging to his mother.
cling,The aristocrat clings to the glory of his past.
clumsy,The clumsy man envied her extraordinary talent.
clumsy,This scheme is clumsy production wise.
clumsy,"You are really clumsy, aren't you!"
clumsy,Her movements were awkward and her gesture clumsy.
cobweb,The windows were covered with cobwebs.
cobweb,There is a big cobweb in the corner.
cobweb,Tom finds that his daily visit to the gym is great for clearing the cobwebs in his head.
cobweb,Shadows hung to the walls like cobwebs.
come by,How did you come by this money?
come by,You are expected to come by 5:00.
come by,Nowadays jobs are hard to come by.
come by,"If they don't have a car, they'll come by taxi."
come up with,How did you come up with this crazy idea?
come up with,How did you come up with such a good excuse?
come up with,I hope you can come up with a better plan than this.
come up with,Our public leaders are imaginative and often come up with new ideas.
commitment,"You want commitment, don't you?"
commitment,I've got another commitment this evening.
commitment,We've already had a family commitment.
commitment,You've got to carry out your commitment at all costs.
compelling,That's a very compelling story.
compelling,I have never seen a compelling argument for religion. If I ever saw one I'd convert.
compelling,Fashion is a compelling subject for documentaries.
compelling,Fashion is a compelling subject for documentaries; few subjects are so enticingly visual.
complaints,I'm sick of listening to your complaints.
complaints,Make sure that the complaints are dealt with as quickly as possible.
complaints,I'm sick of listening to her complaints.
complaints,"If you have any complaints, let me know, and I'll look into them."
concrete jungle,Coventry is a concrete jungle full of chavs!
concrete jungle,"Once known as a concrete jungle, the city has changed its look."
concrete jungle,"Looking down, we saw a concrete jungle."
concrete jungle,"When we looked down, we saw a concrete jungle."
conundrum,The question of free will is a prickly conundrum to religion.
conundrum,Even the leading scientists of the day were left baffled by the conundrum.
convenient,Come and see me when it is convenient for you.
convenient,You can come and see me whenever it's convenient for you.
convenient,"A car is convenient, to be sure, but, after all, it will prove expensive."
convenient,When is it convenient for you?
cool off,Let your food cool off a bit; don't eat it while it's hot.
cool off,Leave your coffee there so it can cool off.
cool off,I suggest that you take a break and cool off a little.
cool off,Stand in the shade and cool off.
countless,There were countless stars in the sky.
countless,Countless stars were twinkling in the sky.
countless,There are countless heavenly bodies in space.
countless,A human body consists of a countless number of cells.
coup,We only have secondhand information of the coup.
coup,The coup attempt was foiled at the last moment.
coup,The coup was meticulously executed.
coup,"The Turkish coup d'état occurred on September 12, 1980."
cram,I suppose I'll be in trouble if I don't stay up all night to cram for the examination.
cram,I'm against us forcing the child to go to cram school.
cram,My cram school is a long way from here.
cram,Make a student cram for the entrance examination.
crave,I have a craving for fresh fruit.
crave,A baby craves its mother's milk.
crave,The mountaineer craved fresh water.
crave,I suddenly got a craving to eat some crisp roast chicken skin.
crawl,The holiday traffic crawled along the highway.
crawl,We crawled like so many ants along the mountain pass.
crawl,I felt something crawling on my back.
crawl,I felt something crawling up my arm.
crib,"The baby is in his crib, sucking on his pacifier."
crib,The baby is on the way and my husband hasn't put the crib together yet.
crib,Sami found Layla's baby in its crib.
crib,The baby is sleeping in his crib.
crippled,The Tokaido Line was crippled by the typhoon.
crippled,"Old and crippled, he had courage enough to do the work."
crippled,The victim was crippled by dogs.
crippled,He was crippled by the accident.
crisp air,The crisp air hinted at autumn.
crisp air,I enjoy the crisp air of cold weather.
crisp air,"He went skiing and breathed in the fresh, crisp air."
crumble,I guess that's just the way the cookie crumbles.
crumble,The building crumbled to pieces three years ago.
crumble,Old traditions are crumbling away.
crumble,That's the way the cookie crumbles.
cuddling,"I enjoy reading, cuddling by the fireplace and slow dancing."
cuddling,I saw a young couple cuddling on a park bench.
cuddling,They were cuddling on the couch.
cuddling,They fell asleep cuddling on the sofa.
culprit,"As I read through the letters, I realized that the Pope was the true culprit."
culprit,None of them would admit to being the culprit.
culprit,The culprit is caught like a rat in a trap.
culprit,It's totally without precedent for the suspect's attorney to be the true culprit.
dare,"Holy crap, who's the asshole who dares call me in the middle of the night?!"
dare,How dare you say such a thing to me?
dare,How dare you speak to me like that?
dare,How dare you say such a thing to her!
dashed,The man dashed the bottle against the wall.
dashed,The glass was dashed to pieces.
dashed,I dashed out just after breakfast.
dashed,The waves dashed against the rocks.
dazzling,The noonday sun beat down with dazzling brightness on the tennis court.
dazzling,It was as gloomy inside the mansion as the sunlight was dazzling outside.
dazzling,"His negotiations, far from ending in failure, achieved dazzling success."
dazzling,"Your eyes are like corals, dazzling and very pretty."
debunk,Those supposed photos of a UFO were finally debunked as an elaborate forgery.
debunk,It's a great book that debunks the myth of creationism.
debunk,"Above all, Tom wants to debunk clichés."
debunk,The idea that cats are antisocial is a common misconception I want to debunk.
deceive,Some are deceived by fair words.
deceive,Don't be deceived by appearances.
deceive,He deceives others with his appearance.
deceive,Nothing would tempt me to deceive him.
deceptive,"Judge people not by age, but by behavior. Years are deceptive."
deceptive,Tom is being deliberately deceptive.
deceptive,There is nothing more deceptive than an obvious fact.
deceptive,The relative calm that we've experienced in the last few years is deceptive.
delightful,It's always delightful to see you.
delightful,It was a delightful bit of nonsense.
delightful,Nothing is more delightful for me than to talk with him.
delightful,Spring is a delightful season.
demise,He met his demise at the hands of a crowd of jealous husbands.
demise,Sami was planning his own demise.
demise,Trawler nets are one possible cause for the demise of the marine mammals.
demise,Yanni was predicting his demise.
depict,James Bond was always depicted as a high roller in his movies.
depict,He vividly depicted the confusion following the earthquake.
depict,"Aliens are often depicted with dark, almond-shaped eyes."
depict,Saints are always depicted with a halo over their heads.
deserve,Everyone deserves a second chance.
deserve,Every effort deserves a reward.
deserve,You're always lying- that's why people don't take you seriously. You get what you deserve.
deserve,The honor is more than I deserve.
despise,I utterly despise formal writing!
despise,The rich sometimes despise the poor.
despise,You should not despise a man because he is poorly paid.
despise,Danger comes soonest when it is despised.
dime,Change this dollar bill for ten dimes.
dime,I want to change this dollar bill into ten dimes.
dime,Give me 20 quarters and the rest in dimes.
dime,Ten dimes are equal to one dollar.
diminishing,The population of this country is diminishing.
diminishing,Personal liberty is diminishing nowadays.
diminishing,The deficit has been diminishing little by little.
diminishing,The population of this country is gradually diminishing.
dine,The living room adjoins the dining room.
dine,What do you say to dining out together?
dine,Why don't you dine out with me for a change?
dine,How about dining out for a change?
disclose,The man was obsessed with fear that the secret might be disclosed.
disclose,You ought not to have disclosed the secret.
disclose,His secret will be disclosed soon.
disclose,He disclosed to me that he had been in prison.
disgruntled,"""I'd rather get the sack than not join the labour union,"" said the disgruntled worker."
disgruntled,We think a disgruntled employee was the one who planted the bomb.
disgruntled,How do you know this wasn't done by a disgruntled employee?
disgruntled,How do you know that this wasn't done by a disgruntled employee?
disguise,"Everybody was disguised, so I couldn't tell who was who."
disguise,I'm planning to disguise myself as a doctor.
disguise,"Although Bob was in disguise, I recognized him at a glance."
disguise,The thief disguised himself as a policeman.
disingenuous,The judge thought that the witness's evidence was disingenuous and unconvincing.
disingenuous,Tom was either being naïve or disingenuous.
dizzying,Tom looked down upon the city from the dizzying height of the skyscraper.
dizzying,She goes out in dizzying miniskirts.
dizzying,These cars can reach dizzying speeds on the straights.
dodge,"""Short tempered as ever."" He said while dodging Reika's fist."
dodge,"Don't dodge the issue, I want you to answer my question."
dodge,Chris nimbly dodged the attack!
dodge,On his bicycle he can dodge through traffic with amazing speed.
dork,I don't want to look like a dork.
dork,This is a total dork-fest nerd bar.
dork,Tom and Mary are both huge dorks and it's adorable.
dork,"At the party, John was dressed like a complete dork."
downfall,Drink brought about his downfall.
downfall,"When he was at the acme of his career, a scandal brought about his downfall."
downfall,His arrogance led to his downfall.
downfall,His love for indigenous Mexican art became his downfall.
downsides,Certainly there are downsides to leadership by coercion and force.
downsides,There are downsides to being pretty.
downsides,Living there had its downsides.
downtime,The downtime is caused by a mechanical problem.
drawbacks,This system is bristling with defects and drawbacks.
drawbacks,This article analyzes both the benefits and the drawbacks of reducing military spending.
drawbacks,"His openness is a very positive quality, although not without its drawbacks."
drawbacks,The first drawbacks concern the changing rooms and the gym equipment.
dread,The child dreads his visit to the dentist.
dread,I dreaded his reply to my letter.
dread,Why do you think animals dread fire?
dread,He may dread to learn the results.
drip,I had an intravenous drip in hospital.
drip,Honey doesn't drip from the sky.
drip,Have you experienced any nasal drip?
drip,Mennad won't be bothered by the drip anymore.
droves,Doctors were quitting smoking in droves.
droves,Tourists are out in droves in the city centre.
droves,Birds began flying away in droves.
droves,The shoppers clamored in droves.
dumpster,"Hiding from the police, Dima spent the night in a dumpster."
dumpster,"""Sleeping in a dumpster, huh?"" Al-Sayib asked. ""That must have been a smelly experience."""
dumpster,Tom took cover behind a dumpster.
dumpster,Everything goes in the dumpster.
duvet,Even in winter she kicks off her duvet.
duvet,This duvet set is made from fibre-dyed cotton.
duvet,Weather like this tempts me to have a duvet day.
duvet,The smell was there before you washed the duvet.
dwarf,I was dwarfed by his gigantic frame.
dwarf,Even Dwarfs Started Small is a 1970 film by German director Werner Herzog.
dwarf,The populations of China and India dwarf those of every other nation.
dwarf,I was a dwarf compared with my hostesses.
dye,There are 1000 movies that one must watch before dying.
dye,The flowers were dying without water.
dye,Mary is very ill and I'm afraid she is dying.
dye,Those animals were in danger of dying out.
eager,We are all eager for him to win the Nobel prize.
eager,Our staff is eager to help you.
eager,Many were eager to get in on the act.
eager,I am an eager student of magic.
edible,Carrots and turnips are edible roots.
edible,"Look, today was 'sea harvest' so let's go forage for edible plants tomorrow!"
edible,Radioactive contamination was detected in spinach and edible chrysanthemum.
edible,"The tiny yellow flowers are edible as well, and tasty."
eerie,The eerie silence struck terror into their hearts.
eerie,The bioluminescence gave the sea an eerie glow.
eerie,The zombie dragged his rotten leg behind him with an eerie scraping sound.
eerie,An eerie silence filled the air with despair.
engage,The company engaged him as an advisor.
engage,We are engaged in a difficult task.
engage,We will not tolerate anyone who engages in terrorism.
engage,I have no time to engage in gossip.
eventually,Everything eventually gets easier with practice.
eventually,Eventually it was decided that the stores be equipped with surveillance cameras.
eventually,Eventually the salesman persuaded me to buy the expensive machine.
eventually,Eventually the cruel man was sentenced to jail.
eyeglasses,I'm looking for my eyeglasses.
eyeglasses,I like your pair of eyeglasses.
eyeglasses,He cannot drive without eyeglasses.
eyeglasses,"Luckily, when Tom dropped his eyeglasses, his lenses weren't scratched."
eyelids,With great effort I held his eyelids open with my fingers and dropped in the eye medicine.
eyelids,"Dim sunbeams on my eyelids, a faint tinge dyes the room."
eyelids,"Your eyelids are closed, but I know you're awake."
eyelids,Drill little holes into my eyelids that I might see you when I sleep.
faint,The sound of shouting grew faint.
faint,I suddenly stood up and felt faint and light-headed.
faint,Faint heart never won fair lady.
faint,We waited with faint expectation.
famished,The villagers were afraid of the famished bears.
famished,Tom told me that he was famished.
famished,Mary said that she was famished.
famished,Tom said that he was famished.
far more,Smokers are far more likely to develop lung cancer than non-smokers are.
far more,Science is far more than a collection of facts and methods.
far more,Tim's motorbike is far more expensive than mine is.
far more,Jon is far more attractive than Tom.
farthest,People came from the farthest country.
farthest,Neptune is the farthest planet from the Sun.
farthest,Arkhangelsk is the farthest of the farthest places you can imagine.
farthest,Yanni uses the line farthest to the right.
fate,It is no use quarreling with fate.
fate,I would rather kill myself than reconcile myself to my fate.
fate,"Although our universe is still young, theorists are busy exploring its ultimate fate."
fate,It's a perfect example of cruel fate.
faucet,You can't use this faucet. It's out of order.
faucet,Water spouted from the broken faucet.
faucet,We couldn't use the faucet because it was out of order.
faucet,"But when I tried to turn the shower faucet, this black bubbly liquid came out."
feasible,"His plan seemed to be too difficult, but before long it proved to be feasible."
feasible,"It's easy, maybe even feasible."
feasible,Tom doesn't think Mary's plan is feasible.
feasible,We have come to the conclusion that this plan is not feasible currently.
figure out,We couldn't figure out what Paul wanted to do.
figure out,"At first, I couldn't figure out what he was saying."
figure out,Can you figure out why he won't go with us?
figure out,Can you figure out why the boss is so unfriendly this week?
figured,Have you figured out the math problem yet?
figured,We easily figured out the password.
figured,I figured out why the machine wouldn't work.
figured,The cost of the house was figured out at fifty pounds.
filling,"A child is not a vessel for filling, but a fire to light."
filling,This tooth has to have a filling.
filling,I don't feel like filling out this questionnaire. There are too many items.
filling,You got the date wrong when you were filling in the check.
filth,Filth and money lie close together.
filth,We simply didn't expect to see such filth on the family shopping site.
filth,"He will spend the next four years in the jungle, engulfed in mud and filth."
filth,There's a lot of filth in this city.
fishmonger,The fishmonger guarantees the origin and freshness of his products.
fist,The stockholders are making money hand over fist.
fist,The speaker banged the table with his fist.
fist,A closed fist can indicate stress.
fist,Never lose your fighting fists.
fitful,Tom's fitful movements only barely resembled dancing.
fitful,Ziri threw a fitful of mud on Rima's face and ran away.
fixture,She's a fixture at all the high-society parties.
fixture,Sami became a permanent fixture in Layla's house.
fixture,He was a fixture at the local mosque.
fixture,Algeria hasn't canceled its sporting fixtures.
flashy,She always wears flashy clothes.
flashy,Tom often wears flashy clothes.
flashy,Tom came to the coming-of-age ceremony in super flashy haori and hakama.
flashy,Yanni bought Skura flashy and expensive things.
flattered,She will be flattered if you go to see her in person.
flattered,We flattered her on her cooking.
flattered,He flattered himself that he was the best actor.
flattered,They flattered him about his diligence.
flattery,The attendant is good at flattery.
flattery,The cabin attendant is good at flattery.
flattery,There is nothing to be gained by flattery.
flattery,No one will be caught by his flattery.
flawless,Flawless precision is required in the measurements.
flawless,How can you speak such flawless German?
flawless,"Islam is flawless, but Muslims are not."
flawless,Tom speaks flawless Cantonese.
flaws,"I am a flawed person, but these are flaws that can easily be fixed."
flaws,Party leaders are grappling with flaws in the party system.
flaws,"If you keep harping on his flaws, he'll grow to resent you."
flaws,"Okay. To be precise, it is understanding the flaws that I don't."
flee,Hope is the last thing that man has to flee unto.
flee,"Flee ever so fast, you cannot flee your fortune."
flee,The policeman caught fleeing thief by the arm.
flee,The policeman caught the fleeing thief by the arm.
flesh,"The spirit is willing, but the flesh is weak."
flesh,The lion ripped the flesh from the dead giraffe.
flesh,"In due course, eating meat will be considered as horrible as eating human flesh."
flesh,I have seen him on TV but not in the flesh.
fluffy,The bread was baked light and fluffy.
fluffy,This towel is so soft and fluffy. It feels good!
fluffy,"The Japanese word ""mofumofu"" is used to describe fluffy and light animals."
fluffy,"Also, after it is whipped, a fluffy texture emerges."
foil,The coup attempt was foiled at the last moment.
foil,Make balls 3 centimeters in diameter and place them on a sheet of buttered aluminum foil.
foil,A little old woman foiled the robbery by whacking the thief on the head with her cane.
foil,Preheat oven to 200°C (400°F). Line a baking sheet with aluminum foil.
follow up,The social worker was asked to follow up the information about the Stevenson family.
follow up,I'm e-mailing to follow up on our phone conversation this morning.
follow up,We try to follow up on every complaint.
follow up,Could you please follow up on that idea after the meeting?
for the record,Who was looking for the record shop?
for the record,"Just for the record, I totally disagree with this decision."
for the record,"For the record, Tom didn't have anything to do with this."
for the record,State your full name for the record.
for too long,I left some scallions out on the veranda for too long and they dried out.
for too long,I hope we don't have to wait for too long.
for too long,Don't expose your skin to the sun for too long.
for too long,Women have been resigned to unjust treatment for too long.
forearm,"My wrist and forearm hurt, I think I might be suffering from carpal tunnel syndrome."
forearm,The elbow is the joint between the arm and forearm.
forearm,The elbow is a joint that connects the forearm and the upper arm.
forearm,You have a mosquito on your right forearm.
fortune teller,They went to a fortune teller.
fortune teller,Mary took Ken to a fortune teller.
fortune teller,Mary went to a fortune teller for many years.
fortune teller,Mary showed Ken another fortune teller.
freckle,Shit shot with a gun makes the best freckles.
freckle,Red-haired people tend to have freckles.
freckle,Redheads often have a pale complexion and freckles.
freckle,She has red hair and freckles.
frisky,Kittens are infinitely frisky.
from here on out,"From here on out, you'll be on your own."
from here on out,"From here on out things are going to change, for the worse."
from here on out,"From here on out, it's smooth sailing."
from here on out,You're on your own from here on out.
frowned upon,"Killing your spouse is one way to end a marriage. However, it's frowned upon."
frowned upon,"Today, separation and divorce are not as frowned upon."
frowned upon,"In the past, separation and divorce were frowned upon by everyone."
frowned upon,"Generally speaking, gambling is frowned upon."
fuck off,"I do not take shit home, I tell straight away. Fuck off!"
fuck off,You can fuck off for all I care!
fuck off,"""Fuck off!"" ""What did you just say, asshole?"""
fuck off,"""Fuck off!"" ""Say that again, asshole?"""
fulfilling,"""It's not my job"" is a self-fulfilling prophecy."
fulfilling,People are presenting reasons for not fulfilling their obligation to respond.
fulfilling,They are fulfilling the commandment to host guests.
fulfilling,They are fulfilling the commandment to take in guests.
fumble,She fumbled with the glasses as she brought them in.
fumble,She fumbled with a piece of paper.
fumble,He fumbled with the keys before finding the right one.
fumble,She fumbled around in the darkness.
garish,The film is a simple story cloaked in garish splendour.
garish,It's a garish dress she's got on.
garish,"The colour of the bedlinen is a bit garish, but it'll fade in the wash."
gawkers,There were many gawkers outside.
get across,I cannot get across this river. It's too deep.
get across,We'll never get across the river without a boat.
get across,"""Should I carry you to get across?"" ""That'd be very nice of you!"""
get across,The officer offered to help the blind person get across.
get back,I'll stay here till you get back.
get back,Pretty soon we'd better wrap up this break and get back to work.
get back,I will see him after I get back.
get back,I thought it would be a good idea to get back in touch with Japanese culture and history.
get better,The doctor spoke to the effect that my father would soon get better.
get better,You should exert yourself to get better results.
get better,He will get better in two weeks.
get better,"I thought things would get better, but as it is, they are getting worse."
get it out of the way,"Once the mind has taken a wrong turn, it's hard to get it out of the way."
get out,"Most people have a great disinclination to get out of bed early, even if they have to."
get out,"By the time you get out of jail, she'll probably have gotten married."
get out,I had enough sense to get out of there.
get out,"Get out, or you will be sorry."
get over,I can't get over how different the weather is here.
get over,We will have to get over the feeling of helplessness.
get over,We must get over many difficulties.
get over,We must get over this difficulty.
gibberish,"After receiving a hefty blow to the head, the man spoke only gibberish."
gibberish,I can easily produce impressive-sounding gibberish on demand.
gibberish,All this technical jargon is gibberish to me.
gibberish,Yanni was speaking in gibberish.
giddy,Deserting his family must have made the old bastard giddy with joy.
giddy,She was young handsome vain and giddy and completely the slave of fashion.
giddy,Tom is as giddy as a schoolgirl.
giddy,He that is giddy thinks the world turns round.
gifted,Human beings are gifted with infinite potential.
gifted,There is no room to doubt that he is a gifted artist.
gifted,He is gifted with perfect wisdom.
gifted,She is far from being richly gifted.
giggle,"Giggling with embarrassment, she held out the condom."
giggle,A cute kitten can make a giggling mess even out of the most severe übermensch.
giggle,Tom giggled like a schoolgirl.
giggle,"Suddenly, Mary started giggling uncontrollably."
give it a go,Do you want to come along and give it a go?
give it a go,"Even though Tom thought the idea didn't make much sense, he said he'd give it a go."
give it a go,"Come on, we will give it a go."
give it a go,"""Come on, let's give it a go."" ""What are we waiting for then?"""
gladly,"I would gladly help you, only I am too busy now."
gladly,She gladly accepted his proposal.
gladly,"I would gladly translate this, but I don't speak Dutch."
gladly,I'd gladly speak with you on this subject.
gloomy,I got gloomy and thought of giving up.
gloomy,The sky is gloomy and gray - a typical rainy-season sky.
gloomy,It was as gloomy inside the mansion as the sunlight was dazzling outside.
gloomy,The gloomy house was like a ghost.
glum,Don't be so glum about it. Life has its ups and downs.
glum,Tom asked Mary why she'd been so glum lately.
glum,It wouldn't hurt you to try not looking so glum all the time.
glum,"""Why are you so glum?"" ""Our dog is sick."""
go off,"As soon as our manager got off our backs, everything started to go off without a hitch."
go off,They heard a gun go off in the distance.
go off,Don't go off without saying good-by.
go off,"If you need to go off-line, that is fine."
god forbid,God forbid that anything should happen to Tom.
god forbid,God forbid! I hope it doesn't come to that.
Good grief,Good grief! I had no idea you had been placed in such a tight spot.
Good grief,Are you telling me that Luke is creating problems again? Good grief.
gooey,Do you know which of okra and natto is more gooey?
gooey,The chocolate cake has an ooey-gooey center that spills out when it's cut.
gooey,Ziri and Rima gave each other gooey eye glances.
gooey,The gooey stuff got in Ziri's eyes.
goofy,"Donald Duck, Mickey Mouse, and Goofy went camping in the mountains."
goofy,Tom does do some goofy things.
goofy,Tom does do some goofy things from time to time.
goofy,The cat was pretty goofy and its energy never let up for a moment.
goose bumps,"She wasn't hurt, but she got goose bumps when her car nearly crashed."
goose bumps,I get goose bumps when I see a horror movie.
goose bumps,"When I hear the news, I get goose bumps. How could there be such a dangerous thing?"
grasp,Some people find it easier to grasp the short-term effects of smoking.
grasp,We fail to grasp the meaning of the word.
grasp,The handle came away from the door when I grasped it.
grasp,The drowning man grasped at the rope.
grasp on,So much so that I feel like I'm losing my grasp on the whereabouts.
grasp on,You seem to have a really good grasp on this.
grasp on,Yanni had a loose grasp on Berber.
grasp on,Ziri didn't have a good grasp on Berber.
greatly,Your work has greatly improved.
greatly,The number of tourists has increased greatly in recent years.
greatly,We were greatly surprised at the news of his sudden death.
greatly,We were all greatly amused by his jokes.
greedy,A miser hoards money not because he is prudent but because he is greedy.
greedy,Don't be so greedy or you'll wind up with nothing.
greedy,"Shylock is greedy, and what is worse, very stingy."
greedy,The roots of the plant are greedy for water.
grim,"From the doctor's grim expression, it was clear he had somber news for the patient."
grim,Marcia looked grim when I told her the story.
grim,That evening tea was partaken of in a grim silence.
grim,The fireman's face was grim when he came out of the burning house.
grinder,"After I tried out my new loom, I made my bed and repaired the coffee grinder."
grinder,Women! The knife grinder is arrived!
grinder,Don't put your fingers in the meat grinder!
grinder,I grind my coffee by hand with a coffee grinder with a crank handle.
gross,The gross national product of our country is the second largest.
gross,You must be more careful to avoid making a gross mistake.
gross,Gross National Product is not the same as Net National Product.
gross,His gross manners offended his companions.
grudges,"Well, I don't think Sara is the sort of girl to bear grudges."
grudges,Forget all grudges and begin living freely.
grudges,Sami doesn't like holding grudges.
grudges,Tom is not one to hold grudges.
grump,That grump is quick to blow his top when you tease him.
grumpy,Why does Tom look so grumpy today?
grumpy,Jane has been quiet and grumpy for the past few days.
grumpy,"Tom is very grumpy tonight, isn't he?"
grumpy,"Tom is grumpy today, isn't he?"
hallway,The principal severely reproved the students whenever they made a mess in the hallway.
hallway,Hanako walked through the hallway making a clicking sound.
hallway,This hallway keeps narrowing as I go farther and farther in.
hallway,"I have to pee, but your friends are completely crowding the hallway."
hand out,The rescue workers are going to hand out supplies to the victims of the earthquake.
hand out,Some hospitals hand out free samples of baby milk.
hand out,"First, put the right hand out."
hand out,Don't stick your hand out of the window.
hands down,"We won hands down, because the other players were weak."
hands down,The eloquent campaigner was elected hands down.
hands down,The bout turned out rough and neither boxer was going to win hands down.
hands down,The amateur singer won first in the talent show hands down.
hang in there,"Hang in there, Tom. Don't die."
hang in there,Hang in there. Don't give up hope.
hang in there,"Hang in there, Tom. You're doing fine."
hang in there,"""What's up?"" ""Not much, just trying to hang in there."""
hang out,Can I hang out here till seven?
hang out,Olympus? Isn't that where Greek gods hang out or something?
hang out,Let's hang out at our hangout.
hang out,Who's your favorite person to hang out with?
harass,The harassed mule got his back up and began kicking up dust.
harass,The mayor's family was harassed with threatening phone calls all day.
harass,He is always harassed with debts.
harass,He is being harassed by a flood of questions from his students.
harvest,Some day you will have to reap the harvest of your own sowing.
harvest,In the fall we harvest our summer crops.
harvest,A festival is held at the rice harvest.
harvest,The apple harvest will soon come.
hassling,I wish Tom wouldn't keep hassling me.
hassling,Tom needs to stop hassling Mary.
haunting,A spectre is haunting Europe — the spectre of communism.
haunting,A spectre is haunting Europe - the spectre of communism.
haunting,I've always found this song to be so haunting.
haunting,He repeated the haunting melody.
hawkers,These hawkers are very annoying!
hazard,This is a hazard to your health.
hazard,Do you care to hazard a guess?
hazard,A pot belly is an occupational hazard for office workers.
hazard,The use of optical instruments with this product will increase eye hazard.
heist,The 2003 invasion of Iraq by American forces is the greatest heist of all time.
heist,The thieves divvied up the proceeds from their heist.
heist,The heist was expertly planned.
heist,Police revealed that the heist was the work of professionals.
hesitant,I'm rather hesitant about asking him a favor.
hesitant,I'm a little hesitant to ask a favor of that person.
hesitant,I'm a little hesitant about asking her for a favor.
hesitant,Tom is hesitant to visit Mary in the hospital.
hesitate,Reporters do not hesitate to intrude into people's privacy.
hesitate,"Without hesitating, the dean selects infinite wisdom."
hesitate,"By and large, reporters don't hesitate to intrude on one's privacy."
hesitate,Never hesitate to tell the truth.
hideous,A hideous monster used to live there.
hideous,"Some things get more hideous, when you clean them."
hideous,The police haven't yet caught the person who committed this hideous crime.
hideous,The building is a hideous pile.
hijacking,The hijacking attempt failed when the victim managed to escape.
hijacking,How often do bus hijackings occur?
hijacking,You know that I now have made hijacking my specialty.
hijacking,There are almost no hijackings in Algiers.
hiking,Not really. I like hiking better than fishing.
hiking,The Isonos would often go hiking.
hiking,"If it's raining, we don't plan to go hiking."
hiking,The hiking was called off because of the rain.
hold on,"Hold on, someone is knocking at my door."
hold on,Try to hold on until a rescue team arrives.
hold on,I hope I can hold on to my job.
hold on,Can you hold on a little longer?
hoodwink,Mary used her feminine wiles to hoodwink Tom into revealing state secrets.
hoodwink,As far as we are concerned we see this as a political gimmick made to hoodwink people.
hoodwink,Ziri should not allow himself to be hoodwinked by such promises.
hoop,I'd jump through hoops for you.
hoop,You ride a bike and climb a ladder. But what do you do with a hula hoop?
hoop,She likes yoga and hula hooping.
hoop,Let's go to the gym and shoot some hoops.
hopelessly in love,Tom is hopelessly in love with Mary.
hopelessly in love,I fell hopelessly in love with him.
hopscotch,"""Let's play hopscotch,"" said the little white rabbit."
hopscotch,He's playing hopscotch with his sister.
hopscotch,His early life was one of hopscotching from town to town.
hopscotch,In the schoolyard you often see kids playing hopscotch.
horsing around,We've been horsing around too much; it's high time we got down to brass tacks.
hot mess,You were a hot mess back then.
hotshot,She married a hotshot lawyer from New York.
hotshot,She fell in love with a hotshot lawyer.
hotshot,The media only pays attention to hotshots.
hotshot,He thinks he's a real hotshot.
hourglass,My uncle gave me an hourglass.
hourglass,The hourglass will indicate the end of the fight.
hourglass,In a museum I saw a very old hourglass.
hourglass,Mary has a perfect hourglass figure.
hover,The helicopter is hovering overhead.
hover,The helicopter hovered over the building.
hover,The temperature of the human body hovers around 37°C.
hover,He hovered between life and death.
humming,"Kyoko went away, humming a song."
humming,The town was humming with activity.
humming,"She sat on a bench, humming an old melody in a low voice."
humming,I heard him humming in the shower.
hummingbird,There are 340 species of hummingbirds.
hummingbird,A hummingbird is no larger than a butterfly.
hummingbird,I didn't know hummingbirds could even fly upside down when frightened.
hummingbird,Can you make out the hummingbird by that bush?
hurdle,Hurdling the wall will make him stronger.
hurdle,The biggest hurdle for pupils writing the exam was question fourteen.
hurdle,The tree trunk hurdled down the slope.
hurdle,The hurdler didn't clear the final hurdle.
hush,She got into the room with hushed steps.
hush,Many politicians are believed to accept hush money.
hush,The room became slightly hushed.
hush,All became hushed and still on board the ship.
hustle,I miss the hustle and bustle of city life.
hustle,"Even though Tom was brought up in the country, he loves the hustle and bustle of the city."
hustle,He hustled by playing chess in the park near Main Street.
hustle,"The group had to scrimp, connive, and hustle in order to get by."
I can tell,"I'm looking forward to the day when Miss Cobb comes back, I can tell you."
I can tell,I can tell by his accent that he is German.
I can tell,I can tell virtue and vice apart.
I can tell,I can tell you the reason at full length.
I can't help it.,I love you so much and I can't help it.
I can't help it.,I'm built that way. I can't help it.
I can't take it anymore.,"This music is horrible, I can't take it anymore."
I can't take it anymore.,I've got to the point where I can't take it anymore.
I don't quite understand.,There's something happening here that I don't quite understand.
I swear,They won't believe me even if I swear it is true.
I swear,"I swear, John. As of today, I quit smoking."
I swear,I swear by God that I will speak the truth.
I swear,"I never told anybody about it, I swear."
I wish I knew.,"""When will Tom be here?"" ""I wish I knew."""
I wish.,I'll take from it what I wish.
I wish.,"""You look terrific. Did you lose weight?"" ""I wish."""
I wish.,Words fail me to express what I wish.
I'm mad,I'm mad at myself for following Tom's stupid advice.
I'm mad,"Fool me once, I'm mad. Fool me twice, I'm twice as mad."
I'm mad,I'm mad at Tom for doing that.
I'm mad,"He lied to me, which is why I'm mad at him."
icky,It's rainy and icky here in Boston.
If anything,I'll let you know if anything comes up.
If anything,If anything is sacred the human body is sacred.
If anything,"Do what you have left undone, if anything."
If anything,"If anything should happen, please let me know."
illiteracy,The percentage of illiteracy in that country is 36%.
illiteracy,Monolingualism is the illiteracy of the 21st century.
illiteracy,The government has made joint efforts to eradicate illiteracy.
illiteracy,Contractions seems to be a slippery slope towards illiteracy.
imp,That pesky imp must be punished.
impending,I was keyed up over her impending operation.
impending,The impending examination loomed large in her mind.
impending,This is one of the signs of weakness and the impending doom of imperialism.
impending,The world's top condom producer is warning of an impending shortage.
impending doom,This is one of the signs of weakness and the impending doom of imperialism.
impish,That impish man is a preeminent economist.
impish,That impish man over there is my ex-husband.
in the guise of,Life's aspirations come in the guise of children.
In the wake of,Gold prices are skyrocketing in the wake of financial instability.
In the wake of,"In the wake of the heavy rain, there was a major flood."
In the wake of,"In the wake of lower revenue, Gabon signed a 3-year agreement with the IMF in June 2017."
In truth,"In truth, there was only one Christian, and he died on the cross."
In truth,God is a Spirit: and they that worship him must worship him in spirit and in truth.
In truth,"The old man had an innocent face, but in truth was a rogue."
In truth,"In truth, this has no gravity."
innuendos,The man's innuendos had left Mary feeling rather uncomfortable.
is on the fritz.,The air conditioner is on the fritz.
it comes to,"There's no room for excuses when it comes to your negligence, is there?"
it comes to,He is second to none when it comes to debating.
it comes to,"When it comes to sweets, I just can't control myself."
it comes to,Our company needs someone who feels at home when it comes to advanced technology.
it turns out,"We were wondering who it was, and it turns out that it was you!"
it turns out,It turns out that that house is infested with garter snakes. They're everywhere.
it turns out,It turns out that he often eats at his father's restaurant.
it turns out,It turns out that Tom never graduated from college.
It was a lot of fun.,You should have been at the party last night. It was a lot of fun.
It was a lot of fun.,I thought it was a lot of fun.
It was a lot of fun.,You should've been at the party last night. It was a lot of fun.
It was a lot of fun.,I thought that it was a lot of fun.
it will pay off,"This seems expensive, but it's so durable it will pay off in the long run."
it's staggering,It's staggering to me to hear this again.
jerk,Suppose there's some jerk you just can't get on with.
jerk,The jerk factory called. They want their product back.
jerk,She dumped him because she thought he was a jerk.
jerk,I thought about what a jerk I had been.
jinx,"I would say that I'm healthy at the moment, but I don't want to jinx myself."
jinx,"I'm a jinx. If I sold candles, the sun wouldn't go down."
jinx,Every time I go out with you something unpleasant happens to me; don't you jinx it?
jinx,"If you always think negatively, you can jinx yourself."
joint,We can lift the restrictions on imports once the joint agreement is signed.
joint,They came to terms with each other on how to start a joint venture.
joint,My joints ache when it gets cold.
joint,I'm afraid I have water in my knee joint.
jostle,They jostled one another to get out of an emergency exit.
jostle,"He jostled me unintentionally, not out of malice."
jostle,I'm watching Sami and Tom jostle for recognition as King of Tatoeba.
jostle,"People rushed toward the exit, jostling each other."
Just my luck!,"""The principal is here."" ""Just my luck!"""
keen on,I was keen on classical music in my school days.
keen on,I'm keen on Mary passing the examination.
keen on,Those children are keen on skating.
keen on,That young man is very keen on cycling.
keep a straight face,Tom couldn't keep a straight face.
keep a straight face,It was hard for Tom to keep a straight face.
keep a straight face,Tom is trying to keep a straight face.
keep a straight face,How does Tom manage to keep a straight face?
Keep it up!,"You are doing a great job, keep it up!"
Keep it up!,I'm proud of you for taking care of your oral hygiene. Keep it up!
Keep it up!,You're doing pretty good. Keep it up!
Keep it up!,"Whoa, full of energy! Keep it up!"
kennel,"Pochi and Moko are in the kennel, and other dogs are playing in the garden."
kennel,It took me five hours to make this kennel.
kennel,I was helped by my father to paint the kennel.
kennel,He made a kennel with his son on Sunday.
knack,I am not an artist. I never had the knack for it.
knack,I still can't get the knack of English pronunciation.
knack,She hasn't got the knack of cooking yet.
knack,To take good pictures there are some knacks to learn and a little trick.
kneel,The religious man remained kneeling for hours.
kneel,"You must kneel at my feet, kiss my hand and swear that I am an angel."
kneel,She saw a boy kneeling by the altar.
kneel,"Suddenly, he took out a ring, kneeled on the ground, and asked me to marry him."
lay off,My doctor told me to lay off the liquor so I have this uneasy impatient feeling.
lay off,The company was forced to lay off many employees.
lay off,"Last month, they had to lay off several hundred employees in the factory."
lay off,"I've apologised, so lay off, OK?"
lean,The old man leaned on his staff.
lean,The box is leaning to one side.
lean,The tower leaned slightly to the left.
lean,"If you want to avoid cholesterol, eat lean meat with no fat."
leap,A fish leaped out of the water.
leap,Progress in medicine is going ahead by leaps and bounds.
leap,This nation's economy is growing by leaps and bounds in recent years.
leap,"I am about to take my last voyage, a great leap in the dark."
led to,Freud's insights into human behavior led to him being honored as a profound thinker.
led to,A chain of events led to the outbreak of the war.
led to,A week's reflection led to a new plan.
led to,Chance led to the discovery of the new island.
leftovers,Lots of leftovers remained inside.
leftovers,Those are the leftovers from lunch.
leftovers,Tom fed his leftovers to his dog.
leftovers,You had better throw away leftovers.
leisure,"In her leisure time, she enjoys swimming and tennis."
leisure,"The more leisure he has, the happier he is."
leisure,Read this book at your leisure.
leisure,"For one thing, I've no money, and for another, I've no leisure."
leverage,An investors' group is attempting a leveraged buy-out of the firm.
leverage,Leverage is to debt as lever is to what?
leverage,He still needs her because she has leverage.
leverage,Tom used what John told him as leverage.
liability,My unpaid liabilities are still $100.
liability,His plan has both virtues and liabilities.
liability,He denies any liability for the damage caused.
liability,The company didn't admit liability.
likewise,Tom is tall and likewise strong.
likewise,"A naïve fox does not exist. Likewise, there is no such thing as a man without faults."
likewise,"Likewise, it was nice to meet you."
likewise,I likewise bless you this day.
limbs,Branches are to trees what limbs are to us.
limbs,People with amputated limbs continue to feel them as if they were still there.
limbs,Like a typical vertebrate the human has two pairs of limbs.
limbs,"Lo, thus, by day my limbs, by night my mind, for thee, and for myself, no quiet find."
look into,We must look into the matter at once.
look into,"If you have any complaints, let me know, and I'll look into them."
look into,Why don't you look into the problem yourself? It's your responsibility.
look into,She promised to look into the matter immediately.
looting,We won't tolerate any looting.
looting,"Looting, raping, and plundering are common during wartime."
looting,"As a result of the riots, the incidence of looting in wealthy neighborhoods increased."
looting,"Following the riots, incidents of looting in affluent neighborhoods multiplied."
lost my temper,I can't take this anymore. I've lost my temper completely.
lost my temper,I feel ashamed of having lost my temper.
lost my temper,The fact that I lost my temper made matters still worse.
lost my temper,I lost my temper and kicked the vending machine.
lousy,I expect it's his lousy personality that drives off the ladies.
lousy,"Adil is very good at studying, but when it comes to athletics, he's a bit lousy."
lousy,I'm always lousy at starting conversations.
lousy,I went to college for four years and all I got was this lousy diploma.
luster,Our cat's fur has lost its luster.
luster,Setting a new record added luster to his name.
luster,"If you don't keep the silverware polished, it'll lose its luster."
luster,Acid rain destroyed the luster that once graced the marble statue.
made up,Have you made up your mind where to go for the holidays?
made up,The community is made up of individuals.
made up,We have made up our minds to fight it out.
made up,Please telephone me when you have made up your mind what you want to do.
maiden name,Mary went back to using her maiden name.
maiden name,What's your mother's maiden name?
maiden name,What's your wife's maiden name?
maiden name,Mary's maiden name is Jackson.
make up,"You must make up your mind, and that at once."
make up,You must make up for the loss.
make up,We are going to make up for lost time by taking a short cut.
make up,The company is turning to export markets to make up for a decline in domestic sales.
malarkey,"Personally, I think that's a bunch of malarkey."
malarkey,I think that's a lot of malarkey.
malarkey,Joe's speech was a bunch of malarkey.
maudlin,Spare me your maudlin life stories.
maudlin,She was downright maudlin over her broken drawing tablet; you'd think her pet had died.
maudlin,Tom always gets maudlin when he's on the booze.
maudlin,Tom always gets maudlin when he drinks.
meaningful,"In the main, I am in favor of political reform if meaningful changes are made."
meaningful,She gave me a meaningful look.
meaningful,He regards women as disposable pleasures rather than as meaningful pursuits.
meaningful,Tom gave Mary a meaningful look.
mermaid,The legend says that she was a mermaid.
mermaid,The little mermaid sighed and looked sadly at her fish tail.
mermaid,"I have heard the mermaids singing, each to each. I do not think that they will sing to me."
mermaid,"She walked down the aisle in style, wearing her gorgeous mermaid-cut tulle wedding gown."
mirage,A mirage sometimes shows up in Toyama Bay.
mirage,A mirage is said to be an illusion.
mirage,The water on the road was just a mirage.
mirage,Layla's life as a wealthy lady was a mirage.
mishaps,Have you ever experienced any travel-related mishaps or disasters?
moan,She keeps moaning that she has no time.
moan,"No, I'm not suffering from asthma. I'm moaning in lust!"
moan,I am tired of hearing you moan and groan.
moan,The pain is always milder than the moan.
moisture,"If your windows are not airtight, moisture will seep in."
moisture,"Yes, it is. There's a lot of moisture in the air."
moisture,"Yes, that's right. There’s a lot of moisture in the air."
moisture,Rice does not like moisture. Be sure to store it well.
motley,A motley crew of educators and students gathered at the seminar.
mould,Situation seems to be the mould in which men's characters are formed.
mould,There's some mould in the showers.
mould,Can damp and mould affect my health?
mould,"Because if you didn’t fit that mould, there was no way for you to express your difference."
mow,He was a benevolent old man who volunteered to mow his neighbors' lawns for free.
mow,Let's take advantage of the vacation to mow the lawn.
mow,Bob charged 3 dollars an hour for mowing lawns.
mow,Grandmother mows the grass in the garden.
mumble,I heard him mumble to himself.
mumble,"""Hrmm,"" mumbled Professor Takeda as he twisted his moustache."
mumble,Don't mumble your words. You are too old for that.
mumble,Tom mumbled something under his breath.
nag,Don't nag at me about washing the dishes.
nag,I didn't come here for you to nag at me.
nailed it,"""Is that what you wanted to say?"" ""Yes. You nailed it."""
nailed it,We have been practicing that play all day and we nailed it.
naive,You must be very naive to be taken in by such a story.
naive,Get rid of those kinds of naive ideas.
naive,It's naive of you to believe that.
naive,The naive man was utterly embarrassed in her presence.
nasty,I can't stand that nasty attitude of his any longer.
nasty,The spoiled meat had a nasty smell.
nasty,I got a nasty sting from a wasp.
nasty,He caught a nasty cold because he stayed up late last night.
neat,No one is so poor that he cannot afford to be neat.
neat,I want to keep my room as neat as possible.
neat,Keep your room as neat as you can.
neat,Mrs. Sugimoto always wears neat clothes.
needles,"Needless to say, diligence is a key to happiness."
needles,"Air as well as sunlight is, needless to say, indispensable to our daily life."
needles,What did they add this needless function for?
needles,"When we rush to complete our work, we make needless errors."
Needless,"Needless to say, diligence is a key to happiness."
Needless,"Air as well as sunlight is, needless to say, indispensable to our daily life."
Needless,What did they add this needless function for?
Needless,"When we rush to complete our work, we make needless errors."
neglected,You neglected to tell me to buy bread.
neglected,"The boy neglected to water the plants, and he was scolded."
neglected,That old house has been neglected for years.
neglected,These children are neglected by their parents.
nibbling,He managed to cure himself of his habit of nibbling his nails.
nibbling,Tom is nibbling on a carrot stick.
nibbling,"While I am nibbling away, I listen to the news."
nibbling,Benedito scolded his billy goat for nibbling on a neighbor's vegetable patch.
nimble,Squirrels are nimble in climbing trees.
nimble,Poor cat! She can't catch the nimble mouse.
nimble,A heavy heart bears not a nimble tongue.
nimble,"She then rose up and fled, as nimble as a deer."
no rhyme or reason,There's no rhyme or reason to that plan.
nonchalant,"Despite her nonchalant air, she is paying close attention to everything you say."
nonchalant,Sami was so nonchalant about it.
nonchalant,Matthew was acting as nonchalant as he could.
none the less,"It sounds strange, but it is true none the less."
none the less,"The lecture was very long, but I enjoyed it none the less."
none the less,I love him none the less for his faults.
none the less,"My wife has faults. None the less, I love her."
noogie,"In an oddly brotherly drunken gesture, Cole tried to give his roommate a noogie."
nook,"Will you buy a Kindle, a Nook or a Kobo eReader?"
nook,Tom searched every nook and cranny of the house looking for his wallet.
nook,We don't have time to search every nook and cranny.
nook,Ziri started to search every nook and cranny of the office.
nosy,My neighbor is what we call a nosy person.
nosy,Nosy tabloids drove a washed-up star to the brink of suicide.
nosy,Tom should probably tell Mary not to be so nosy.
nosy,Tom will probably tell Mary not to be so nosy.
not quite,The apples are not quite ripe.
not quite,"Even if I am wrong, you are not quite right."
not quite,That is not quite what I wanted.
not quite,That pole is not quite vertical.
nuances,Mr Jones is very sensitive to the nuances of English and American usage.
nuances,Berber is a sophisticated language that allows you to express wonderful nuances.
nuances,I've always thought that people don't understand the nuances of video game addiction.
nuances,Goethe investigated all nuances of love.
numb,My hands are numb from the cold.
numb,The swimmers were numb with cold.
numb,Your gums will get numb in a few minutes.
numb,My fingers are so numb with cold that I can't play the piano.
oddly,"Oddly enough, he insisted on his innocence."
oddly,"In an oddly brotherly drunken gesture, Cole tried to give his roommate a noogie."
oddly,"Oddly, I've been watching a lot of telenovelas this fall."
oddly,There's something oddly familiar about Tom.
offspring,What will become of our offspring if a nuclear war breaks out?
offspring,These legends should be handed down to our offspring.
offspring,The atomic bomb is the offspring of 20th century physics.
offspring,Parents can pass many diseases on to their offspring.
on behalf,"On behalf of my classmates, let me say a few words of thanks to you."
on behalf,"On behalf of the company, I would like to express our hearty thanks to you all."
on behalf,"On behalf of the company, I welcome you."
on behalf,The brightest student expressed gratitude on behalf of his classmates.
ordeal,Bob has to get through this ordeal on his own.
ordeal,Tom told Mary about last night's ordeal.
ordeal,Tom couldn't talk about his ordeal with anyone.
ordeal,Tom has been through quite an ordeal.
Out of curiosity,I opened the box out of curiosity.
Out of curiosity,I went there out of curiosity.
Out of curiosity,I only asked you the question out of curiosity.
Out of curiosity,He did it simply out of curiosity.
out of the blue,The chairman resigned out of the blue.
out of the blue,The news came out of the blue.
out of the blue,Sometimes the most inspired ideas seem to just come from out of the blue.
out of the blue,I had a call from James out of the blue.
outburst,Ursula's outburst was rather unbusinesslike.
outburst,He always has an emotional outburst when arguing.
outburst,She always has an emotional outburst when arguing.
outburst,Music is an outburst of the soul.
outcomes,He understood the negative outcomes of being wasteful.
outcomes,Our research indicates that such outcomes are becoming more common in this age group.
outcomes,Please read the manual and hypothesize 3 possible outcomes.
outcomes,"This quest can have many outcomes, depending on the choices you make."
outgoing,Karl is an outgoing sort of person.
outgoing,Tom is a very outgoing person.
outgoing,Tom has an outgoing personality.
outgoing,Tom is very friendly and outgoing.
outgrew,Tom never outgrew his habit of sucking his thumb whenever he was bored.
outrage,The outraged employee resigned at once.
outrage,"The word ""outage"" is an outrage."
outrage,We can't tolerate such an outrage.
outrage,She was outraged by his proposal.
outrageously,She dresses so outrageously; it looks completely ridiculous!
outrageously,The dress was outrageously expensive.
outstanding,Ichiro is an outstanding baseball player.
outstanding,We have asked you repeatedly to settle your outstanding account for the invoice No.1111.
outstanding,I have an outstanding debt of 10 dollars.
outstanding,I have a lot of work still outstanding.
overall,This vowel change has much to do with the overall accent pattern assigned to each word.
overall,"I had many problems during my visit to the U.S., but overall, I had a good time."
overall,"Relative to overall sales, that of software is insignificant."
overall,His overall was covered with paint-stains.
overcome,You have to overcome the difficulties.
overcome,We helped each other to overcome the difficulties.
overcome,How to overcome the high value of the yen is a big problem.
overcome,The darkness has not overcome it.
overheard,He overheard the conversation by accident.
overheard,Tom overheard Mary talking about him.
overheard,They were afraid of being overheard.
overheard,Your daughter overheard us talking.
overkill,The fiscal austerity may lead to an overkill of the economy.
overkill,Doing it that way would be overkill.
overly,It is not fitting for a teacher to overly favor certain pupils over others.
overly,That's an overly optimistic view.
overly,I'm not overly interested in the event.
overly,I find just the memory of his overly polite patronizing manner really offensive.
oversight,"If the delay is simply an oversight, will you please take care of it at once?"
oversight,There is big oversight in that plan.
oversight,I suspect that there was an oversight in the examination.
oversight,Tom said that the mistake was due to an oversight.
overturned,The vase on my desk overturned when I jumped up in surprise.
overturned,The Supreme Court overturned a previous decision.
overturned,A farm boy accidentally overturned his wagonload of wheat on the road.
overturned,He scattered the coins of the money-changers and overturned their table.
overwhelms,Her desire for self-righteousness overwhelms the rest of her personality.
overwhelms,Neither retreat nor flight nor waiting is wise when danger overwhelms hope.
overwhelms,The feeling of powerlessness overwhelms me.
pageant,Crowning toddler beauty pageant queens is Mr. Fredericksen's passion.
pageant,She won the Miss America pageant.
pageant,Linda is one of the contestants in the pageant.
pageant,Do you know what the name of last year's beauty pageant winner is?
panting,The dog lay panting after his long chase.
panting,He was panting to have a go at it.
panting,She is panting from playing basketball.
panting,Puffing and panting we continued to run with renewed vigor.
pantry,Could you please find the missing key. I can't open the pantry.
pantry,I have plenty of things to eat in the pantry.
pantry,All I found in the pantry was a sack of hard bread.
pantry,There are no cookies in the pantry. Look in the utility room.
parcel,Send this parcel to him in care of his company.
parcel,You should write HANDLE WITH CARE on the parcel that contains the teacups.
parcel,The parcel weighs more than one pound.
parcel,The parcel was tied with string.
pat,Pat stripped off his clothes and dived in.
pat,I saw him pat her on the shoulder.
pat,I felt somebody pat me on the shoulder.
pat,The story was too pat and I got rather suspicious.
peasant,Those peasants badly need land to grow rice.
peasant,Many peasants died during the drought.
peasant,As usual the peasants are busy scattering grain seeds.
peasant,I am nothing but a poor peasant.
perks,That's one of the perks of being the manager.
perks,That's one of the perks of being the CEO.
perks,There aren't any more perks now.
perks,"What do you think are the perks of being poor, if there are any?"
pester,He didn't intend to let her drive but she pestered him so much that he finally gave in.
pester,We will pester him with heaps of questions.
pester,He pestered her with questions.
pester,Can you stop pestering your brother?
petty,I was involved in a petty argument.
petty,We were involved in a petty argument.
petty,I'm sick and tired of all the petty squabbling among politicians.
petty,"The departmental heads, lost in petty argument, could not reach a cohesive decision."
picky,Is your husband a picky eater?
picky,You shouldn't be so picky about food.
picky,"You shouldn't be picky about other people's work, you know?"
picky,He's picky about suits and ties.
pimples,I'm getting little pimples on my face. I wonder if I've been getting enough sleep lately.
pimples,I can't get rid of my pimples.
pimples,Her face is covered with pimples.
pimples,"If I eat too much chocolate, I break out in pimples."
pissed,She's really pissed off that she wasn't given a raise.
pissed,He gets pissed off very easily and yells and screams.
pissed,He pissed away his inheritance on booze and loose women.
pissed,I guess I could be pretty pissed off about what happened to me.
play along,You should play along with him for the time being.
play along,You have to play along with it.
play along,Ziri had no choice but to play along to protect his cover.
play along,Ziri had no choice but to play along.
plotting,There is a rumor that the radicals are plotting against the government.
plotting,They are plotting to kill the king.
plotting,Tom and Mary were plotting to kill Tom's father for the life insurance.
plotting,I don't know what Tom is plotting.
plunge,Stock prices plunged to a record low.
plunge,The Dow plunged 35 points and then bottomed out.
plunge,The robber tried to plunge the knife into the boy.
plunge,Many people were plunged into distress by the news.
pointless,Life without love is just totally pointless.
pointless,Don't bother your parents with such a pointless thing.
pointless,It's pointless arguing with him.
pointless,I was disgusted with his pointless talk.
ponder,We all pondered over what had taken place.
ponder,She pondered the question for a while.
ponder,Tom was probably pondering something.
ponder,Tom pondered the question for a while.
potty,Our daughter is potty trained.
potty,"Excuse my brother Tom, he's a bit of a potty-mouth."
potty,Only now is he learning to use his potty.
potty,My son is being potty trained.
pounding,"With her heart pounding, she opened the door."
pounding,His heart was pounding as he told me that.
pounding,My heart was pounding as my turn got nearer.
pounding,My heart is pounding so hard it feels like it's going to explode.
pretend,It's no use pretending to make me believe that I believe things you don't believe!
pretend,"We are what we pretend to be, so we must be careful what we pretend to be."
pretend,It is no use your pretending that you know nothing.
pretend,There is no point in pretending to be sick.
pricy,This restaurant is quite pricy for what it has to offer.
pulse,The doctor thought the patient's pulse was rather rapid.
pulse,In the patient's body the pulse began beating again.
pulse,"Body temperature rising, pulse rising ... he's in a state of oxygen deficiency."
pulse,The doctor checked the patient's pulse.
pun,Puns are often untranslatable into another language.
pun,The pun is unfortunately untranslatable.
pun,"There were puns in the holy writings, and they got lost in translation."
pun,The audience groaned at some of Tom's puns.
purse,I had my purse and commutation ticket stolen while I was sleeping on the train.
purse,I lost my purse on my way to school.
purse,My wife holds the purse strings in our family.
purse,It was not until I reached home that I missed my purse.
quips,I'm spending seven out of five of my working days writing pseudo-salient quips.
quirks,Advanced learners of a language would usually get the gist but not the quirks.
quirks,My car has developed a few quirks over the years.
quirks,"You need to respect Tom, quirks and all."
quirks,Elderly people accumulate quirks.
rabble,The rabble has decapitated the king.
rabble,Tom called the striking workers a rabble.
racket,You have the same racket as I have.
racket,Send me a racket and my tennis shoes.
racket,It was this racket that Mike bought yesterday.
racket,It was yesterday that Mike bought this racket.
rather,More people get into trouble for things they say rather than for what they do.
rather,I'd rather be a bird than a fish.
rather,You'd better stay at home rather than go out on such a day.
rather,I would rather you had a day off.
reckless,The knight is not so much brave as reckless.
reckless,The reckless girl climbed the tree regardless of danger.
reckless,"Jim drove too fast, which was reckless."
reckless,The police ascribed the automobile accident to reckless driving.
reek,"When he came and found me, his whole body reeked of alcohol."
reek,Tell me something interesting about garlic because you reek of it.
reek,Sami's breath reeked of alcohol.
reek,Sami's apartment reeks of cat shit.
regardless,"Regardless of the amount, Brian wants the correct, entire amount by next week."
regardless,"Schools are expected to meet the needs of every child, regardless of ability."
regardless,The meeting will be held regardless of the weather.
regardless,The millionaire intended to purchase the masterpiece regardless of cost.
regret,"Sooner or later, you will regret your idleness."
regret,You will soon regret your rash conduct.
regret,A time will come when you will regret your action.
regret,The time will come when you'll regret it.
rehearsal,"After a ten-minute break, we resumed our rehearsal."
rehearsal,"With the extra rehearsals, work is really tight."
rehearsal,"Tomorrow there will be no normal lessons, in view of the athletic meet rehearsal."
rehearsal,It's a good thing that this happened during the rehearsal and not the performance!
relatable,The reason he won the election is because a lot of people found him relatable.
relatable,"The phrase ""I feel personally attacked"" is used as a jocular reply to relatable content."
relatable,It's relatable; I'm the same way.
relatable,I actually found the villain rather relatable.
relentlessly,The tropical sun glared down relentlessly.
relentlessly,The rain fell relentlessly all day long.
relentlessly,"In life, good and evil clash relentlessly."
relentlessly,The north wind did howl relentlessly outside our window.
reminiscing,My poem of reminiscing spring midnight was created.
reminiscing,Layla and Sami spent two hours reminiscing about their childhood.
reminiscing,Tom and Mary spent the afternoon reminiscing about their childhood.
reminiscing,Sami kept reminiscing about the good times.
right away,You may as well withdraw from the club right away.
right away,"In case of an emergency, get in touch with my agent right away."
right away,The aggressive salesman urged me to sign the contract right away.
right away,Give medicine to the patient right away.
riot,The riot police arrived on the scene.
riot,The riot was suppressed without difficulty.
riot,The riot was soon put down by the police.
riot,Not less than 10 people were arrested for being involved in the riot.
rough,"The sea got rough, so that we had to give up fishing."
rough,We had a rough crossing on an old ferry.
rough,My job search is really going rough. I don't have any connections.
rough,"Go easy on Bob. You know, he's been going though a rough period recently."
run out of,We've just run out of salt and pepper.
run out of,We need to look for a gas station because this car will soon run out of gas.
run out of,Let's find a gas station; we've run out of fuel.
run out of,"Oops, my pen has run out of ink."
runt,She was the runt of the litter.
runt,He was the runt of the litter.
runt,This puppy was the runt of the litter.
runt,"Tom was always the runt of the group, so everyone picked on him."
ruthless,"Those guys are ruthless, covering up their tracks like that after all their wrongdoing."
ruthless,I had no idea you were so ruthless.
ruthless,Tom is a ruthless businessman.
ruthless,The gang is lead by a ruthless criminal called Tom.
sassy,Don't get sassy with me young lady!
sassy,Sami was sassy with the customer.
sassy,William became really talkative and sassy.
savory,A savory bite doesn't wait long.
savory,Matthew's soup recipe included garlic powder and thyme for a savory flavor.
savory,"Marshmallows can also be used in savory dishes, like chicken skewers."
savory,Do you prefer sweet or savory foods?
savvy,We're looking for some computer-savvy people to work for us.
savvy,"As a phisher, Carl preyed on older and less tech-savvy computer users."
savvy,Tom has no business savvy at all.
savvy,Alberto was just an old guy who wasn't tech-savvy.
scale,Please put your baggage on this scale.
scale,I remember singing scales every day during music lessons.
scale,I want a map of Texas on a scale of 1 to 250000.
scale,It seems the rural area will be developed on a large scale.
scare off,She managed to scare off her attacker by screaming loudly.
scare off,That dog's bark wouldn't even scare off a baby.
scarecrow,The scarecrow in the backyard fell over during the hurricane.
scarecrow,I cannot scare the birds away. I am not a scarecrow.
scarecrow,All the talk about world war is just a scarecrow.
scarecrow,The birds use the scarecrow as a perch.
scattered,Empty cans were scattered about the place.
scattered,Fragments of the mirror were scattered on the floor.
scattered,"With a scream, the spectators scattered."
scattered,Broken glass lay scattered all over the road.
scramble,The players scrambled for the ball.
scramble,They scrambled for the penny in the street.
scramble,Would you like some scrambled egg?
scramble,Fighter jets were scrambled to intercept an airliner that deviated from its flight path.
scrape,She scraped her shoes clean before she entered the house.
scrape,I'm managing scraping along on a small salary.
scrape,The truck scraped along the wall in the narrow road.
scrape,The boy fell and scraped his knee.
screening,Her health screening showed no negative results.
screening,There's a good movie screening today.
screening,When does the screening start?
screening,I've started screening my calls.
screw up,He can't be smart if he can screw up something like that.
screw up,That's me - the coward unable to screw up his courage and find out the truth.
screw up,This is awfully hilly terrain; I hope we don't screw up the transmission.
screw up,Don't screw up. My ass is on the line.
scrub,I couldn't scrub the stain out.
scrub,Tom asked Mary to scrub the toilet.
scrub,"Would you scrub my back, please?"
scrub,Don't use your bare hands to scrub the floor.
sewer,"If it weren’t for the problem with the sewers, we would already have built the house."
sewer,Can you see an owl eating a delicious sewer rat over there? That's me.
sewer,I heard that there were alligators in the sewers.
sewer,Open sewers are very common in Algeria.
shallow,I don't like his shallow personality.
shallow,The pond is too shallow for swimming.
shallow,This river becomes shallow at that point.
shallow,The curriculum of this school is wide and shallow.
shelter,"When you take shelter, make sure you go under a big tree."
shelter,The homeless sought shelter from a shower.
shelter,The homeless sought shelter from the chilly shower.
shelter,I took shelter under my friend's umbrella.
shivering,The poor boys were shivering with fear.
shivering,It was so cold that he was shivering.
shivering,He's shivering because of the cold.
shivering,You're shivering. Are you cold?
shocking,An opinion is shocking only if it is a conviction.
shocking,His nonsensical behavior is shocking.
shocking,This is the most shocking thing that ever happened in my life.
shocking,In my country there is a shocking amount of mathematical ignorance.
shooting star,Look! There goes a shooting star.
shooting star,I have seen a shooting star once.
shooting star,Let me wish upon a shooting star.
shooting star,A shooting star dashed through the sky.
shrink,The shrinking of the domestic market has been blamed on inflation.
shrink,"If you wish to get on in the world, you must not shrink from effort."
shrink,He had but one desire: to shrink away and live among the lights and shadows.
shrink,That material's going to shrink if it's washed.
sigh,The manager balanced the strength of his team against that of their opponent and sighed.
sigh,"Once outside, I gave a deep sigh of relief."
sigh,Light shines on my sigh of doubt.
sigh,I sighed with relief to hear it.
simmering,The soup is simmering on the stove and the bread is cooking in the oven.
simmering,I skimmed the simmering soup with a skimmer.
simmering,There was something simmering between her and her mother-in-law.
simmering,I smell spaghetti sauce simmering.
sip,I had to sip the coffee because it was too hot.
sip,It's nice to sip and savour drinks other than beer as well from time to time.
sip,Tom picked up the glass of water and took a sip.
sip,I sure wouldn't mind a sip of some fine almond liqueur right now.
sissy,American football is for sissies. If you're a real man you play rugby.
sissy,Mary said that Tom was a sissy.
sissy,I dare you to call Tom a sissy.
sissy,"You're a bit of a sissy, aren't you?"
sizzle,The sausages sizzled in the frying pan and smelt delicious.
sizzle,"Tom fried three eggs in the pan and put in bacon too, which sizzled and smelled delicious."
sizzle,What Khalid really loved was the sizzle of bacon in the skillet.
sizzle,Sell the sizzle and not the steak.
skunk,I almost stepped on a skunk last night.
skunk,Tom was as drunk as a skunk the last time I saw him.
skunk,The last time I saw Tom he was as drunk as a skunk.
skunk,I swerved to avoid hitting a skunk.
slams,Did you hear that? That was Mary. She slams the door like that when she's angry.
slightly,The festive mood was slightly spoiled by terrorist bombs.
slightly,But his name is slightly familiar to me.
slightly,I always buy a top quality product even if it is slightly more expensive.
slightly,The tower leaned slightly to the left.
slippers,You're not supposed to wear your slippers down to the lobby.
slippers,I noticed he was wearing my slippers.
slippers,Last night I dreamt that I was at my graduation and I was wearing pyjamas and slippers.
slippers,Give me the slippers! Hey! Give them to me!
slippery,The politician is as slippery as an eel!
slippery,Watch your step. The floor is slippery.
slippery,"Watch your step, as the passageway is slippery."
slippery,Driving on a slippery road can lead to a car wreck.
slippery slope,You must admit this would present quite a slippery slope.
slippery slope,The slippery slope is unavoidable.
slippery slope,Contractions seems to be a slippery slope towards illiteracy.
slippery slope,The centipede skidded down the slippery slope.
sliver,Tom has yogurt topped with slivered almonds for breakfast.
sliver,"I'd only like a sliver, please."
sliver,I'll take a sliver of the cake.
sliver,"There's a sliver of hope in this week's news, at least."
slope,The hill slopes downward to the river.
slope,The land slopes gently toward the river.
slope,One night a merchant was walking up the slope on his way home.
slope,We had to go up and down the slopes.
smart aleck,Tom is a smart aleck with Mary.
Smart ass,"And did you know it, smart ass?"
smirking,What are you smirking at? Did something good happen?
smirking,The smirking male clerk replied.
smirking,Mennad was smirking when I walked in.
smirking,"Ziri and Rima glanced at each other, smirking."
smug,His smug behavior is offensive.
smug,There are so many smug people.
smug,Don't be smug! You could have hurt yourself.
smug,Tom had a smug look on his face.
snarky,Keep your snarky comments to yourself.
snarky,Up to 60% of Imogen of the Internet's nonverbal social cues are snarky hashtags.
snarky,Sami's girlfriend was so snarky.
sneak,Tom was caught sneaking out of the room.
sneak,Two policemen arrested a burglar. They caught him sneaking into Mrs. Miller's.
sneak,The policeman noticed a man sneak in.
sneak,"When the lecturer turned round, he sneaked out of the classroom."
sneaky,"No matter how sneaky you are, you can never surprise yourself."
sneaky,Do people ever accuse you of being sneaky?
sneaky,"Tom is quite sneaky, isn't he?"
sneaky,"Tom and Mary are sneaky, aren't they?"
sneering,Why are you sneering like that again?
snooping,Watch out! A police spy is snooping around.
snooping,Germany is to ban employers from snooping on Facebook.
snooping,Tom caught Mary snooping through his stuff.
snooping,Why did you have to go snooping around?
snore,She's faking sleep. That's why she's not snoring.
snore,I heard Tom snoring during the class.
snore,"When it comes to snoring, no one can top Mr Snore."
snore,Snoring and excessive smoking are indeed related.
so to speak,"You are, so to speak, a fish out of water."
so to speak,"A camel is, so to speak, a ship on the desert."
so to speak,"That old man is, so to speak, a walking dictionary."
so to speak,"This cat is, so to speak, a member of our family."
soaked,The rain soaked through my clothes.
soaked,I was caught in the rain and got soaked to the skin.
soaked,The clothes soaked in water overnight were heavy.
soaked,I was utterly soaked by the downpour.
sobbing,I found that there was a little girl sobbing.
sobbing,The girl was sobbing in the corner of the schoolroom.
sobbing,"On entering the bedroom, she started sobbing."
sobbing,I could hear her sobbing in her bedroom.
soothe,The nurse soothed the crying child.
soothe,Music has a charm that soothes even the savage's breast.
soothe,"In order to relax, I need to listen to soothing music."
soothe,This medicine will soothe your headache.
sorcerer,Witches and sorcerers can make use of magic to make impossible things happen.
sorcerer,The princess was turned into a swan by an evil sorcerer.
sorcerer,What's the difference between a wizard and a sorcerer?
sorcerer,The sorcerer put a spell on the children.
sorrow,"Between astonishment and sorrow, she could not speak a word."
sorrow,Delight is the opposite of sorrow.
sorrow,It is easier to sympathize with sorrow than to sympathize with joy.
sorrow,No words can relieve her deep sorrow.
soundly,The baby was sleeping soundly in his mother's arms.
soundly,"Today was a good day, so I'll sleep soundly tonight."
soundly,The kids that had been so lively when they were awake are now silently sleeping soundly.
soundly,Tom was sleeping soundly on the couch.
sow,"You know the phrase, we reap what we sow. I have sown the wind and this is my storm."
sow,Some day you will have to reap the harvest of your own sowing.
sow,We must sow the seeds of mutual understanding.
sow,"As a man sows, so he shall reap."
spare room,We gathered all the books together and put them in the spare room.
spare room,The spare room is ready for guests.
spare room,Tom rented out his spare room to a student. The student who rented the room was Mary.
spare room,"If the hotel has got a spare room, then book it."
spite,"In spite of the rain, we enjoyed our holiday."
spite,We played golf in spite of the rain.
spite,He went out in spite of the rain.
spite,He started in spite of the rain.
splinter,I can't get this splinter out of my finger.
splinter,I ran a splinter into my finger.
splinter,Tom tried to get the splinter out of Mary's finger.
splinter,"Tom had a splinter in his finger, so he asked Mary to help him get it out."
spotty,Dalmatians are regarded as being highly spotty dogs.
spotty,Service was spotty in the area.
spotty,The wifi connection was spotty at times and the parking was limited.
spotty,Cell coverage is pretty spotty where I live.
sprinkler,The sprinkler is shooting out a stream of water onto the grass.
sprinkler,I thought this building had a sprinkler system.
sprinkler,Sami has to fix the backyard sprinkler.
sprinkler,I thought that this building had a sprinkler system.
stain,Your collar has a stain on it.
stain,"The auditorium is terribly stained. It is, in part, due to acid rain."
stain,Wash the shirt in soapy water and the stains will come out.
stain,"Two shirts and suits, please. There's a stain here."
stands for,Do you know what UNESCO stands for?
stands for,The company stands for free trade.
stands for,"UN, as you know, stands for the United Nations."
stands for,"In this secret code, each number stands for a letter of the alphabet."
steep,"The staircase leading to the rooftop is narrow, steep, and dark."
steep,From this point the climb suddenly became steep.
steep,The steep path is the sole access to the border.
steep,To climb steep hills requires a slow pace at first.
steer,Of course you can trust me. Have I ever given you a bum steer before?
steer,Rigid wheels give sufficient stability to a low-speed vehicle steered by outside forces.
steer,Hideo turned the steering wheel sharply to avoid the bicyclist.
steer,I steered clear of sensitive topics.
stifled,"Even before Reagan and the Supreme Court stifled it, OSHA was a farce."
stifled,Sami was starting to feel stifled.
stifled,I stifled a scream in the sheets.
stifled,Modern copyright laws would have stifled Shakespeare.
sting,I got a nasty sting from a wasp.
sting,Bee stings can be very painful.
sting,The bar was so smoky that my eyes started to sting.
sting,Why do bees die after stinging?
stink,I'll bid farewell to this stinking school.
stink,"""I'm soaked with sweat."" ""Step back. You stink!"""
stink,He is raising a big stink over a minor glitch.
stink,Nail polish remover stinks a lot.
stodgy,"Bill Maher was never funny, but his politics used to be far less stodgy."
stool,A man came in and sat on the stool next to her.
stool,"If you stand on this stool, you can reach the top of the closet."
stool,This stool needs to be repaired.
stool,A woman was sitting on a stool in a bar.
straw,A man of straw is worth a woman of gold.
straw,They filled them with straw to make them round and hard.
straw,The straw appears bent at the place where it enters the water.
straw,"These straw mats, called ""tatami"" in Japanese, are no longer made by hand."
strive,The company always strives to satisfy its customers.
strive,Everyone strives for efficiency but few seem to attain it.
strive,The authorities are striving in vain to stabilize the currency.
strive,They strive constantly to improve customer relations.
stroke,The lion put an end to his prey with one stroke.
stroke,In tennis and ping-pong backhand the hand is turned backwards in making the stroke.
stroke,Selling products sometimes requires having a stroke of genius.
stroke,A lot of people buy lotteries dreaming of wealth at one stroke.
stroll,A short stroll along the beach gave me a good appetite for breakfast.
stroll,One day I strolled into the woods.
stroll,I strolled along the streets to kill time.
stroll,Spaniards love to stroll around in the evening cool.
stubbornness,I've got my stubbornness from my father.
stubbornness,There is no way of curing the stubbornness of the racists.
stubbornness,There was a certain stubbornness in his voice.
stubbornness,Stubbornness can ruin a friendship.
stuffed animal,This stuffed animal belongs to the little girl.
stuffed animal,Mary says that she can't fall asleep without her favorite stuffed animal.
stuffed animal,What's your favorite stuffed animal?
stuffed animal,Tom hugged the stuffed animal.
stumble,The kid stumbled and fell to his knees.
stumble,I often stumble over something as I am blind as a bat in the dark.
stumble,This new announcer keeps stumbling.
stumble,"In early times, inventions were often stumbled upon by accident."
stunning,"She is the type men call ""stunning."""
stunning,Mary looks absolutely stunning.
stunning,That dress looks stunning on her.
stunning,That dress looks stunning on you.
stutter,"When she began to stutter, her classmates couldn't help laughing."
stutter,The newcomer stuttered when he was nervous.
stutter,You're confusing me with that stuttering.
stutter,How is it you speak with such a stutter?
subtle,There are subtle differences between the two things.
subtle,There's a subtle difference in meaning between the two words.
subtle,This word has a subtle nuance to it.
subtle,There is a subtle difference between the two words.
supper,You should apologize to Dad for not coming home in time for supper.
supper,I don't eat supper because I want to lose some weight.
supper,"Well, I clean the rooms, do the laundry, or cook an elaborate supper."
supper,"As soon as you have done that, I would like you to start preparing supper."
surrender,The pirates had no choice but to surrender.
surrender,"Completely surrounded by our troops, the enemy finally surrendered to us."
surrender,The army surrendered its arsenal to the enemy.
surrender,Under the circumstances we have no choice but to surrender.
sweat,Sweat is dripping from his face.
sweat,I felt the sweat trickle down my brow.
sweat,Wipe the sweat from your brow.
sweat,The sweat was dripping off my brow.
sweep,A banking scandal is sweeping across Capitol Hill.
sweep,"If each would sweep before the door, we should have a clean city."
sweep,Everybody is calling for sweeping reforms.
sweep,The party won a sweeping victory at the general election.
swept under the rug,The incident was quickly swept under the rug.
swept under the rug,The murder case was swept under the rug.
swept under the rug,Yanni's accidental death at the factory was completely swept under the rug.
swept under the rug,The scandal was quickly swept under the rug.
swoon,I don’t want a nurse who swoons at the sight of blood.
swoon,"Every time Tom walks by Human Resources, the women swoon."
swoon,Christina swooned when Jack winked at her.
takeaway,I know this guy that lives off takeaways.
takeaway,"""Will you be eating in?"" ""No, I'll have it takeaway."""
takeaway,Let's order a Chinese takeaway.
takeaway,Should I ring for a takeaway now or when we get home?
teasing,It is easy to get the cranky man's goat by teasing him.
teasing,I looked to see if he was teasing me.
teasing,He took delight in teasing the kitten.
teasing,Is the name 'Shinosuke' a target for teasing?
temper,My brother-in-law is ready to lose his temper at trifles.
temper,I can't take this anymore. I've lost my temper completely.
temper,"Misato tried to be calm, but finally she lost her temper."
temper,Portia tempered justice with mercy.
therefore,"I don't think, therefore I am not."
therefore,"The party, therefore, had to take another route."
therefore,You have certain privileges and therefore corresponding responsibilities.
therefore,"Therefore, a center for the development of human resources should be built in Japan."
thigh,You need to have strong thigh muscles to skate.
thigh,She has a tattoo of a lizard on her thigh.
thigh,Under the thigh is the knee; under this one is the calf; under the latter is the foot.
thigh,I let my hand wander between her thighs for a long time.
thoughtful,You should be more thoughtful of your safety.
thoughtful,You were thoughtful to remember me in this way.
thoughtful,"He's only a boy, but he is very thoughtful."
thoughtful,Thank you very much for your thoughtful present.
threaten,The volcanic eruption threatened the village.
threaten,The sky had become threatening before I got to the station.
threaten,It will threaten the prosperity of the town.
threaten,That country has openly threatened to go nuclear.
thrifty,"He is thrifty, not to say stingy."
thrifty,"It is not wise, nor in the long run is it kind, to tax the thrifty for the thriftless."
thrifty,"Tom's not stingy, he's just very thrifty."
thrifty,"If you are thrifty, you will have some money left over at the end of the month."
thrill,Everybody was thrilled by his story.
thrill,I felt a thrill of joy at the thought of seeing her soon.
thrill,It was so thrilling and real fun.
thrill,"It was a daring adventure, full of thrill and excitement."
thrive,Pop artists thrive on the adulation of their loyal fans.
thrive,First thrive and then take a wife.
thrive,The shortage of water means that plants cannot thrive.
thrive,He that will thrive must ask leave of his wife.
tickle,Why can't we tickle ourselves?
tickle,"I'm tickled pink about winning 10,000 yen at the horse races."
tickle,Tickle her nose with a feather while she's sleeping and see if she wakes up.
tickle,Why can't we tickle each other?
tight,"Being a teacher, you must learn to keep a tight rein on your emotions."
tight,These shoes are too tight. They hurt.
tight,Check all the loose knots and fasten them tight.
tight,"If we hang tight, I'm sure we can make it through these bad times."
tightly,He gripped the tennis racket tightly.
tightly,"When Jane played horse with her father, she held on to him tightly."
tightly,Freedom of speech was tightly restricted.
tightly,He held on to my hand tightly.
tingle,The cola made my tongue tingle.
tingle,You'll feel a tingling sensation.
tingle,"My nerves, which were steady enough on the field of battle, tingled as I thought of it."
tingle,What makes you tingle real bad?
tins,The kitchen cupboard was filled with tins of soup and food.
tins,I've got a few more tins in the cellar. I think they're ravioli.
tins,The soldiers washed their mess tins in the river.
tins,I'd like two tins of tomatoes.
tit for tat,"Tom insulted me severely, but I gave him tit for tat."
tit for tat,"""Why did you break my vase?"" ""Tit for tat."""
tit for tat,I guess I overreacted and responded to what you said tit for tat.
to be aware,Therefore it is important for us to be aware of other forms of politeness.
to be aware,He doesn't seem to be aware of the problems.
to be aware,He seems to be aware of my feelings.
to be aware,He seems not to be aware of the conflict between my father and me.
to be cheap,It's probably going to be cheap for you to do that.
to be cheap,It's probably going to be cheap to do that.
to be cheap,It's going to be cheap to do that.
to be concerned about,What that fortuneteller said yesterday is nothing to be concerned about.
to be concerned about,Tom appears to be concerned about something.
to be concerned about,There's nothing to be concerned about.
to be concerned about,Tom doesn't seem to be concerned about anything.
to be fond of,She seems to be fond of talking about herself.
to be fond of,Tom seems to be fond of doing that.
to cheer up,"Hoping to cheer up his wife, Tom bought her a beautiful pearl necklace."
to cheer up,"He tried to cheer up his wife, but wasn't able to."
to cheer up,"The boy told a lie, probably to cheer up his parents."
to cheer up,"Hoping to cheer up his wife, he bought her a pearl necklace."
to curse,Nor was he ever known to curse unless against the government.
to curse,He knows how to curse in Chinese.
to curse,In the dark it's better to light a candle than to curse the darkness.
to curse,It is better to light a candle than to curse the darkness.
to feel like,I want to disappear somewhere! I tend to feel like that in sultry summers.
to feel like,Tom started to feel like his life wasn't worth living.
to feel like,I don't want to feel like this anymore.
to feel like,I don't want you to feel like prisoners.
to hinder,There is nothing to hinder me.
to hinder,"He didn't come to help, but to hinder us."
to hinder,"She didn't come to help, but to hinder us."
to hinder,With very simple steps it's possible to hinder the spread of the coronavirus.
to look forward to,Tom told me he had nothing to look forward to.
to look forward to,That's something to look forward to.
to look forward to,Tom has so much to look forward to.
to look forward to,Mary told me she had nothing to look forward to.
to quit,Any doctor will tell you to quit smoking.
to quit,I applaud your decision to quit smoking.
to quit,What made up your mind to quit smoking?
to quit,Jane is very content with her job and has no desire to quit it.
to reckon,The rescue flight had to reckon with strong winds and freezing temperatures.
to reckon,It's time to reckon with the legacy of colonization.
to show off,Don't you think this is a good opportunity to show off your talents?
to show off,The child started to run; perhaps he wanted to show off.
to show off,Girls like to show off their fine clothes.
to show off,The girls couldn't wait to show off their fine needle work to us.
to sleep in,This bed is too hard to sleep in.
to sleep in,You are not to sleep in this room.
to sleep in,Why do women want to sleep in a man's embrace?
to sleep in,I'm going to sleep in about an hour.
toddler,"Even toddlers can do it, so I'd like you to enjoy yourselves as a family."
toddler,"She was running down the street clutching two toddlers, one in each arm."
toddler,"Again, the toddler says, ""no, I won't"" as he is wont to do."
toddler,Crowning toddler beauty pageant queens is Mr. Fredericksen's passion.
torn,Your shirt is torn. You better put on another shirt.
torn,The roof was torn off by the gale.
torn,Who has torn the envelope open?
torn,Someone has torn two pages out of this book.
toss,I don't know which dress to choose; it's a toss up between the red one and the green one.
toss,We saw the boat tossing on the stormy sea.
toss,He tossed and turned all night.
toss,She is tossing and turning in bed.
tough,"To begin with, that kind of work is too tough for me."
tough,The communist gave in to his tough opponent at last.
tough,It was tough to finish the work.
tough,This car must have had tough usage.
tracksuit,He's wearing a blue tracksuit.
tracksuit,Tom was wearing a purple tracksuit.
tracksuit,You look absolutely hot in this tracksuit.
tracksuit,He was wearing his red tracksuit.
traits,Two traits of Americans are generosity and energy.
traits,Japan has many distinctive traits.
traits,What do you think are the racial traits of the Japanese?
traits,My father is happy when he sees his traits in me.
trashy,David is too trashy for Amanda.
trashy,This movie is really trashy; it’s just trying to shock people without offering any depth.
treacherous,"Treacherous fire, bring relief to my torment."
treacherous,Wet logs make for treacherous footing.
treacherous,Drive carefully! Those are treacherous roads up there.
treacherous,Drive carefully! The roads are treacherous.
treat,I refuse to be treated like a slave by you.
treat,"Just as you treat me, so I will treat you."
treat,I will not allow you to be ill-treated.
treat,The professor treated her as one of his students.
trip,This will be a good souvenir of my trip around the United States.
trip,How are you? Did you have a good trip?
trip,"You always like to trip me up, don't you?"
trip,You must be tired after such a long trip.
tummy,Sami's dog likes it when you rub his tummy.
tummy,"Sami, too, was in Mom's tummy."
tummy,I could hear my tummy rumbling.
tummy,"""Why does Skura have a big tummy?"" ""Because she has a little baby growing within her."""
tux,I've always wanted to wear a tux.
tux,Ziri looks ridiculous in that tux.
tux,Ziri's tux is at the cleaner's.
tux,I need to get fitted for a tux.
unassuming,She had an unassuming air that put everyone at ease.
unassuming,Mary was a quiet and unassuming young lady.
unassuming,"Mary is unassuming, isn't she?"
unassuming,The Ouija board was plain and unassuming.
unbearable,The pain was almost unbearable.
unbearable,Some children resort to suicide in order to escape from unbearable pressure.
unbearable,It's really unbearable to see him looking so down-and-out.
unbearable,We're suffering from an unbearable heat wave for the second week straight.
undergo,The surgeon persuaded me to undergo an organ transplant operation.
undergo,The surgeon persuaded him to undergo an organ transplant.
undergo,The surgeon persuaded me to undergo an operation.
undergo,The new engine must undergo all the necessary tests.
understated,Her dress has an understated charm.
understated,Algeria's economic progress cannot be understated.
understated,Mary's clothes are understated.
uneasiness,He took a deep breath and tried to put his uneasiness to rest.
uneventful,We'll do our best to make it an uneventful trip.
uneventful,The day was largely uneventful.
uneventful,Tom has led a pretty uneventful life.
uneventful,Succeeding years became more tiresome and uneventful than the nymph's joyous spirit loved.
unhinged,He acted like an unhinged moron.
unhinged,"Apropos of nothing, Tom went on an unhinged xenophobic rant."
unhinged,Some people have very unhinged beliefs about critical theory.
unravel,Who shall ever unravel the mysteries of the sea?
unravel,The sleeves of the sweater began to unravel.
unravel,"Today, we are going to unravel the mystery of the English subjunctive."
unravel,All her carefully made plans began to unravel one by one.
uplifting,Adding up numbers is very uplifting.
uplifting,Riding your bike on a path along a river surrounded by forests is really uplifting.
uplifting,It is possible to launder language to make it more appealing and uplifting.
uplifting,Tom is an uplifting trance producer and DJ from Boston.
utter,So great was his emotion that he could not utter a word.
utter,"Because of the street fighting, the city is in utter confusion."
utter,"When he left the place, it was in an utter mess."
utter,The street was in utter chaos.
vain,"We knocked at the door for five minutes, but in vain."
vain,All the doctor's efforts were in vain and the man soon died.
vain,"Dick tried to solve the problem, in vain."
vain,The old lady will often wait for her son in vain at the station.
venting,You should find a more constructive way of venting your anger.
venting,I'm just venting my frustration.
venting,I was just venting my frustration.
venting,He's venting his frustrations.
vine,There is a dense growth of vines in this forest.
vine,You don't get eggplants from a gourd vine.
vine,There is a quite old vine at Maribor.
vine,My uncle had a kiwi vine on his porch. The fruit was delicious.
vultures,Vultures circled above the dead body.
vultures,Vultures circled over the dead bodies.
vultures,"Where there's a body, you'll find vultures."
vultures,It is said that vultures can smell death.
wallow,"Quit wallowing in your postmodern, wangsty aimlessness and stand up for something!"
wallow,She seemed to be wallowing in her grief instead of trying to recover from the disaster.
wallow,Tom wallowed in self-pity after Mary dumped him.
wallow,A pig will wallow in the mud in order to cool down.
wasp,I got a nasty sting from a wasp.
wasp,"Tom is allergic to bees, hornets and wasps."
wasp,A swarm of wasps attacked the children.
wasp,Where are all these wasps coming from?
we shall see,We shall see if you are telling the truth.
we shall see,So why the detailed monitoring? We shall see now.
we shall see,They say they are clever. We shall see.
wealthy,Yachts are for the wealthy few.
wealthy,"Judging from those facts, Mr Mori must be a wealthy person."
wealthy,The wealthy family built another large house.
wealthy,The lawyer has a lot of wealthy clients.
what the heck,"It was the sort of weird car that made me want to blurt out, ""what the heck is that?"""
what the heck,"What the heck, I'll do it! When shall I start?"
what the heck,What the heck is that supposed to mean?
what the heck,What the heck was that supposed to mean?
whining,The jet made a whining sound as it soared overhead.
whining,Tom can't put up with Mary's whining any longer.
whining,What's happened has happened; there's no use in whining and complaining.
whining,I can't take your whining anymore!
whirlwind,My friends gave us a whirlwind tour of Paris.
whirlwind,"Sow the wind, reap the whirlwind."
whirlwind,Tom and Mary had a whirlwind romance.
whirlwind,It was clear that Fadil and Layla were involved in a whirlwind romance.
willpower,You've got a lot of willpower.
willpower,I don't think Tom has the willpower to do that.
willpower,I don't think I have the willpower to do that.
willpower,Tom doesn't have the willpower to do that.
wipe,Wipe the sweat from your brow.
wipe,Mayuko wiped a table with a cloth.
wipe,"As Beth wiped tears from her face, she rushed home."
wipe,She wiped her wet hair with a towel.
with a grin,He said it with a grin on his face.
with a grin,He chuckled with a grin and scratched his belly.
with a grin,Ziri saw Rima with a grin on her face.
with a grin,Tom opened the door with a grin.
With a heavy heart,He went home with a heavy heart.
With a heavy heart,Finland supports Greece with a heavy heart.
With a heavy heart,Donald left with a heavy heart.
With a heavy heart,Santiago left with a heavy heart.
withdraw,You may as well withdraw from the club right away.
withdraw,I have to withdraw some cash from the bank.
withdraw,The Soviet troops started to withdraw from Afghanistan.
withdraw,The businessman didn't dare withdraw from the transaction.
wits,David has never had a steady job. He has always lived by his wits.
wits,Mary scared Tom out of his wits.
wits,I'm not going to get into a battle of wits with you; I never attack anyone who's unarmed.
wits,Tom was scared out of his wits.
womanizer,Sami was a hopeless womanizer.
womanizer,Sami was known to be a womanizer.
womanizer,Sami was known for being a womanizer.
womanizer,Tom is no longer the womanizer he used to be.
woozy,It's normal for you to feel a bit woozy.
woozy,Tom said he felt a little woozy.
woozy,Sami looked a little bit woozy.
woozy,Sami looked woozy because he had been drinking.
worn,The soles of my shoes are worn.
worn,Your hat should not be worn in the classroom.
worn,He was worn out after hours of work.
worn,"I'm worn out, because I've been standing all day."
worship,"The Romans worshiped their goddess, Juno."
worship,The Hindus worship in temples.
worship,That tribe worships its ancestors.
worship,The industrious merchant worships his ancestors.
wrinkle,I ironed out the wrinkles in my pants.
wrinkle,She has started to get a few wrinkles around her eyes.
wrinkle,Hang up your shirts before they wrinkle.
wrinkle,Wrinkles should merely indicate where smiles have been.
yawn,"Cover your mouth when you cough, sneeze, or yawn."
yawn,We yawn when we are short of oxygen.
yawn,"You should have seen yourself, yawning all through the meeting."
yawn,"Being bored, the audience began to yawn."
